'Elapsed time','ECG I','ECG I filtered'
'seconds','mV','mV'
0.000,-0.215,0.020
0.002,-0.150,0.015
0.004,-0.160,0.005
0.006,-0.195,0.000
0.008,-0.280,-0.010
0.010,-0.335,-0.015
0.012,-0.340,-0.020
0.014,-0.325,-0.020
0.016,-0.275,-0.020
0.018,-0.170,-0.020
0.020,-0.180,-0.015
0.022,-0.170,-0.010
0.024,-0.165,-0.010
0.026,-0.180,-0.010
0.028,-0.320,-0.010
0.030,-0.385,-0.010
0.032,-0.320,-0.010
0.034,-0.280,-0.010
0.036,-0.235,-0.010
0.038,-0.160,-0.005
0.040,-0.145,-0.005
0.042,-0.170,0.000
0.044,-0.190,0.005
0.046,-0.270,0.010
0.048,-0.325,0.010
0.050,-0.305,0.010
0.052,-0.290,0.010
0.054,-0.265,0.010
0.056,-0.245,0.010
0.058,-0.205,0.010
0.060,-0.165,0.005
0.062,-0.170,0.005
0.064,-0.200,0.000
0.066,-0.240,0.000
0.068,-0.240,-0.005
0.070,-0.325,-0.010
0.072,-0.315,-0.015
0.074,-0.315,-0.015
0.076,-0.245,-0.015
0.078,-0.170,-0.010
0.080,-0.210,-0.005
0.082,-0.180,0.000
0.084,-0.165,0.000
0.086,-0.230,0.005
0.088,-0.235,0.005
0.090,-0.295,0.000
0.092,-0.380,-0.010
0.094,-0.325,-0.020
0.096,-0.285,-0.025
0.098,-0.215,-0.030
0.100,-0.200,-0.035
0.102,-0.225,-0.030
0.104,-0.200,-0.025
0.106,-0.240,-0.020
0.108,-0.280,-0.015
0.110,-0.320,-0.010
0.112,-0.330,-0.010
0.114,-0.305,-0.010
0.116,-0.260,-0.015
0.118,-0.205,-0.020
0.120,-0.175,-0.025
0.122,-0.170,-0.025
0.124,-0.250,-0.025
0.126,-0.270,-0.025
0.128,-0.290,-0.020
0.130,-0.325,-0.010
0.132,-0.285,0.000
0.134,-0.280,0.005
0.136,-0.260,0.010
0.138,-0.205,0.010
0.140,-0.160,0.010
0.142,-0.095,0.005
0.144,-0.190,0.005
0.146,-0.220,0.005
0.148,-0.295,0.005
0.150,-0.295,0.010
0.152,-0.255,0.015
0.154,-0.300,0.020
0.156,-0.235,0.025
0.158,-0.185,0.030
0.160,-0.120,0.035
0.162,-0.095,0.040
0.164,-0.140,0.040
0.166,-0.200,0.040
0.168,-0.280,0.040
0.170,-0.285,0.040
0.172,-0.295,0.035
0.174,-0.255,0.025
0.176,-0.225,0.010
0.178,-0.220,-0.005
0.180,-0.195,-0.020
0.182,-0.240,-0.035
0.184,-0.270,-0.045
0.186,-0.305,-0.050
0.188,-0.340,-0.050
0.190,-0.300,-0.045
0.192,-0.315,-0.035
0.194,-0.335,-0.025
0.196,-0.240,-0.015
0.198,-0.210,-0.010
0.200,-0.185,-0.005
0.202,-0.210,-0.005
0.204,-0.190,-0.005
0.206,-0.270,-0.010
0.208,-0.350,-0.020
0.210,-0.315,-0.025
0.212,-0.310,-0.030
0.214,-0.320,-0.035
0.216,-0.275,-0.035
0.218,-0.215,-0.040
0.220,-0.245,-0.040
0.222,-0.205,-0.040
0.224,-0.230,-0.040
0.226,-0.275,-0.040
0.228,-0.265,-0.035
0.230,-0.370,-0.030
0.232,-0.370,-0.030
0.234,-0.330,-0.025
0.236,-0.175,-0.020
0.238,-0.210,-0.020
0.240,-0.175,-0.020
0.242,-0.185,-0.020
0.244,-0.225,-0.025
0.246,-0.355,-0.035
0.248,-0.380,-0.040
0.250,-0.380,-0.050
0.252,-0.360,-0.060
0.254,-0.330,-0.075
0.256,-0.265,-0.085
0.258,-0.280,-0.095
0.260,-0.290,-0.100
0.262,-0.300,-0.095
0.264,-0.335,-0.085
0.266,-0.340,-0.055
0.268,-0.330,-0.010
0.270,-0.255,0.055
0.272,-0.150,0.125
0.274,0.020,0.205
0.276,0.095,0.275
0.278,0.225,0.335
0.280,0.255,0.375
0.282,0.265,0.385
0.284,0.135,0.365
0.286,0.010,0.320
0.288,-0.125,0.250
0.290,-0.250,0.165
0.292,-0.195,0.075
0.294,-0.245,-0.015
0.296,-0.225,-0.095
0.298,-0.370,-0.155
0.300,-0.435,-0.200
0.302,-0.470,-0.230
0.304,-0.500,-0.245
0.306,-0.495,-0.250
0.308,-0.535,-0.245
0.310,-0.550,-0.235
0.312,-0.525,-0.220
0.314,-0.505,-0.200
0.316,-0.425,-0.180
0.318,-0.310,-0.160
0.320,-0.215,-0.140
0.322,-0.290,-0.115
0.324,-0.350,-0.100
0.326,-0.385,-0.080
0.328,-0.370,-0.070
0.330,-0.385,-0.065
0.332,-0.395,-0.060
0.334,-0.325,-0.060
0.336,-0.285,-0.060
0.338,-0.215,-0.060
0.340,-0.175,-0.055
0.342,-0.215,-0.050
0.344,-0.260,-0.045
0.346,-0.350,-0.035
0.348,-0.345,-0.030
0.350,-0.370,-0.025
0.352,-0.330,-0.025
0.354,-0.265,-0.020
0.356,-0.230,-0.020
0.358,-0.190,-0.020
0.360,-0.195,-0.020
0.362,-0.210,-0.015
0.364,-0.270,-0.010
0.366,-0.335,-0.005
0.368,-0.300,-0.005
0.370,-0.290,0.000
0.372,-0.295,0.000
0.374,-0.245,-0.005
0.376,-0.155,-0.010
0.378,-0.200,-0.015
0.380,-0.200,-0.015
0.382,-0.185,-0.020
0.384,-0.235,-0.020
0.386,-0.325,-0.020
0.388,-0.360,-0.015
0.390,-0.325,-0.015
0.392,-0.300,-0.010
0.394,-0.230,-0.010
0.396,-0.210,-0.005
0.398,-0.200,-0.010
0.400,-0.195,-0.010
0.402,-0.200,-0.010
0.404,-0.250,-0.010
0.406,-0.280,-0.015
0.408,-0.345,-0.015
0.410,-0.345,-0.020
0.412,-0.330,-0.020
0.414,-0.250,-0.020
0.416,-0.185,-0.025
0.418,-0.220,-0.020
0.420,-0.185,-0.020
0.422,-0.195,-0.015
0.424,-0.270,-0.005
0.426,-0.285,0.005
0.428,-0.270,0.020
0.430,-0.270,0.030
0.432,-0.225,0.040
0.434,-0.185,0.045
0.436,-0.135,0.050
0.438,-0.105,0.050
0.440,-0.165,0.045
0.442,-0.170,0.040
0.444,-0.210,0.035
0.446,-0.265,0.030
0.448,-0.275,0.025
0.450,-0.295,0.025
0.452,-0.290,0.030
0.454,-0.230,0.030
0.456,-0.150,0.040
0.458,-0.130,0.045
0.460,-0.125,0.050
0.462,-0.175,0.060
0.464,-0.180,0.065
0.466,-0.210,0.075
0.468,-0.255,0.085
0.470,-0.265,0.090
0.472,-0.165,0.095
0.474,-0.085,0.100
0.476,-0.075,0.100
0.478,-0.095,0.100
0.480,-0.145,0.095
0.482,-0.155,0.090
0.484,-0.195,0.090
0.486,-0.245,0.090
0.488,-0.190,0.090
0.490,-0.215,0.095
0.492,-0.145,0.105
0.494,-0.090,0.120
0.496,-0.065,0.135
0.498,-0.030,0.150
0.500,0.010,0.170
0.502,-0.030,0.180
0.504,-0.080,0.190
0.506,-0.145,0.195
0.508,-0.120,0.200
0.510,-0.110,0.195
0.512,-0.080,0.185
0.514,-0.075,0.180
0.516,-0.085,0.170
0.518,-0.075,0.165
0.520,0.025,0.160
0.522,-0.075,0.155
0.524,-0.120,0.155
0.526,-0.165,0.155
0.528,-0.195,0.160
0.530,-0.170,0.160
0.532,-0.065,0.160
0.534,-0.080,0.160
0.536,-0.025,0.155
0.538,-0.010,0.150
0.540,-0.025,0.145
0.542,-0.095,0.140
0.544,-0.195,0.130
0.546,-0.175,0.125
0.548,-0.225,0.120
0.550,-0.235,0.110
0.552,-0.195,0.100
0.554,-0.170,0.090
0.556,-0.105,0.075
0.558,-0.085,0.065
0.560,-0.140,0.050
0.562,-0.215,0.035
0.564,-0.280,0.025
0.566,-0.305,0.020
0.568,-0.285,0.015
0.570,-0.310,0.015
0.572,-0.265,0.015
0.574,-0.195,0.015
0.576,-0.160,0.015
0.578,-0.120,0.010
0.580,-0.185,0.005
0.582,-0.210,-0.005
0.584,-0.320,-0.015
0.586,-0.365,-0.025
0.588,-0.435,-0.035
0.590,-0.360,-0.040
0.592,-0.310,-0.045
0.594,-0.240,-0.050
0.596,-0.200,-0.045
0.598,-0.185,-0.045
0.600,-0.210,-0.040
0.602,-0.260,-0.035
0.604,-0.335,-0.030
0.606,-0.350,-0.025
0.608,-0.380,-0.025
0.610,-0.305,-0.025
0.612,-0.325,-0.030
0.614,-0.300,-0.035
0.616,-0.255,-0.040
0.618,-0.195,-0.045
0.620,-0.235,-0.055
0.622,-0.315,-0.060
0.624,-0.330,-0.060
0.626,-0.390,-0.065
0.628,-0.380,-0.065
0.630,-0.395,-0.070
0.632,-0.335,-0.070
0.634,-0.315,-0.070
0.636,-0.295,-0.070
0.638,-0.245,-0.070
0.640,-0.255,-0.065
0.642,-0.295,-0.060
0.644,-0.370,-0.055
0.646,-0.390,-0.045
0.648,-0.345,-0.035
0.650,-0.305,-0.025
0.652,-0.285,-0.020
0.654,-0.150,-0.015
0.656,-0.205,-0.015
0.658,-0.230,-0.020
0.660,-0.250,-0.030
0.662,-0.330,-0.040
0.664,-0.355,-0.050
0.666,-0.405,-0.065
0.668,-0.360,-0.070
0.670,-0.370,-0.075
0.672,-0.310,-0.075
0.674,-0.255,-0.070
0.676,-0.225,-0.060
0.678,-0.205,-0.050
0.680,-0.220,-0.045
0.682,-0.300,-0.035
0.684,-0.370,-0.030
0.686,-0.385,-0.030
0.688,-0.385,-0.030
0.690,-0.340,-0.030
0.692,-0.275,-0.030
0.694,-0.240,-0.030
0.696,-0.220,-0.030
0.698,-0.185,-0.030
0.700,-0.270,-0.030
0.702,-0.260,-0.035
0.704,-0.350,-0.035
0.706,-0.375,-0.035
0.708,-0.345,-0.030
0.710,-0.330,-0.025
0.712,-0.300,-0.020
0.714,-0.210,-0.015
0.716,-0.145,-0.005
0.718,-0.170,0.005
0.720,-0.230,0.010
0.722,-0.325,0.010
0.724,-0.300,0.005
0.726,-0.345,0.000
0.728,-0.270,-0.010
0.730,-0.315,-0.020
0.732,-0.245,-0.030
0.734,-0.280,-0.035
0.736,-0.255,-0.035
0.738,-0.205,-0.035
0.740,-0.185,-0.030
0.742,-0.285,-0.020
0.744,-0.290,-0.015
0.746,-0.350,-0.005
0.748,-0.350,-0.005
0.750,-0.345,0.000
0.752,-0.260,-0.005
0.754,-0.205,-0.005
0.756,-0.190,-0.010
0.758,-0.205,-0.015
0.760,-0.260,-0.015
0.762,-0.285,-0.015
0.764,-0.335,-0.015
0.766,-0.340,-0.015
0.768,-0.360,-0.015
0.770,-0.320,-0.020
0.772,-0.285,-0.020
0.774,-0.220,-0.020
0.776,-0.180,-0.020
0.778,-0.190,-0.015
0.780,-0.250,-0.015
0.782,-0.330,-0.015
0.784,-0.340,-0.015
0.786,-0.320,-0.015
0.788,-0.335,-0.020
0.790,-0.340,-0.020
0.792,-0.250,-0.025
0.794,-0.250,-0.030
0.796,-0.205,-0.030
0.798,-0.195,-0.030
0.800,-0.215,-0.030
0.802,-0.290,-0.030
0.804,-0.375,-0.030
0.806,-0.380,-0.030
0.808,-0.340,-0.035
0.810,-0.355,-0.040
0.812,-0.300,-0.045
0.814,-0.245,-0.050
0.816,-0.215,-0.050
0.818,-0.220,-0.050
0.820,-0.260,-0.050
0.822,-0.310,-0.045
0.824,-0.355,-0.035
0.826,-0.340,-0.025
0.828,-0.340,-0.020
0.830,-0.270,-0.015
0.832,-0.285,-0.015
0.834,-0.235,-0.020
0.836,-0.195,-0.030
0.838,-0.250,-0.040
0.840,-0.300,-0.045
0.842,-0.315,-0.050
0.844,-0.340,-0.050
0.846,-0.385,-0.050
0.848,-0.360,-0.040
0.850,-0.335,-0.035
0.852,-0.245,-0.030
0.854,-0.250,-0.025
0.856,-0.240,-0.030
0.858,-0.270,-0.035
0.860,-0.270,-0.040
0.862,-0.325,-0.050
0.864,-0.415,-0.055
0.866,-0.375,-0.060
0.868,-0.355,-0.055
0.870,-0.330,-0.050
0.872,-0.225,-0.040
0.874,-0.195,-0.030
0.876,-0.205,-0.020
0.878,-0.270,-0.015
0.880,-0.290,-0.015
0.882,-0.325,-0.020
0.884,-0.390,-0.030
0.886,-0.345,-0.040
0.888,-0.320,-0.050
0.890,-0.350,-0.055
0.892,-0.305,-0.060
0.894,-0.280,-0.060
0.896,-0.235,-0.055
0.898,-0.235,-0.050
0.900,-0.230,-0.040
0.902,-0.320,-0.030
0.904,-0.350,-0.025
0.906,-0.380,-0.020
0.908,-0.375,-0.020
0.910,-0.305,-0.025
0.912,-0.270,-0.030
0.914,-0.250,-0.035
0.916,-0.250,-0.040
0.918,-0.275,-0.040
0.920,-0.315,-0.040
0.922,-0.330,-0.035
0.924,-0.350,-0.030
0.926,-0.355,-0.025
0.928,-0.355,-0.020
0.930,-0.290,-0.020
0.932,-0.260,-0.020
0.934,-0.245,-0.025
0.936,-0.230,-0.030
0.938,-0.245,-0.035
0.940,-0.280,-0.040
0.942,-0.360,-0.040
0.944,-0.375,-0.040
0.946,-0.365,-0.040
0.948,-0.375,-0.035
0.950,-0.285,-0.035
0.952,-0.160,-0.030
0.954,-0.235,-0.030
0.956,-0.220,-0.030
0.958,-0.275,-0.030
0.960,-0.300,-0.030
0.962,-0.345,-0.030
0.964,-0.350,-0.030
0.966,-0.375,-0.030
0.968,-0.375,-0.030
0.970,-0.275,-0.025
0.972,-0.235,-0.020
0.974,-0.230,-0.020
0.976,-0.215,-0.020
0.978,-0.220,-0.025
0.980,-0.260,-0.030
0.982,-0.355,-0.030
0.984,-0.405,-0.030
0.986,-0.385,-0.025
0.988,-0.320,-0.015
0.990,-0.245,-0.005
0.992,-0.190,0.005
0.994,-0.165,0.015
0.996,-0.165,0.025
0.998,-0.200,0.025
1.000,-0.270,0.025
1.002,-0.320,0.020
1.004,-0.290,0.010
1.006,-0.305,0.000
1.008,-0.345,-0.005
1.010,-0.275,-0.005
1.012,-0.200,-0.005
1.014,-0.180,0.000
1.016,-0.190,0.005
1.018,-0.190,0.010
1.020,-0.250,0.010
1.022,-0.280,0.010
1.024,-0.270,0.005
1.026,-0.395,0.000
1.028,-0.360,-0.010
1.030,-0.250,-0.015
1.032,-0.205,-0.020
1.034,-0.200,-0.025
1.036,-0.255,-0.025
1.038,-0.305,-0.025
1.040,-0.365,-0.025
1.042,-0.350,-0.030
1.044,-0.350,-0.030
1.046,-0.360,-0.035
1.048,-0.345,-0.040
1.050,-0.285,-0.045
1.052,-0.255,-0.045
1.054,-0.230,-0.050
1.056,-0.250,-0.050
1.058,-0.275,-0.045
1.060,-0.345,-0.045
1.062,-0.360,-0.035
1.064,-0.345,-0.030
1.066,-0.355,-0.025
1.068,-0.310,-0.020
1.070,-0.220,-0.015
1.072,-0.245,-0.015
1.074,-0.180,-0.010
1.076,-0.220,-0.010
1.078,-0.230,-0.015
1.080,-0.290,-0.020
1.082,-0.415,-0.025
1.084,-0.405,-0.035
1.086,-0.400,-0.045
1.088,-0.355,-0.055
1.090,-0.260,-0.060
1.092,-0.260,-0.065
1.094,-0.255,-0.070
1.096,-0.270,-0.075
1.098,-0.315,-0.075
1.100,-0.375,-0.080
1.102,-0.455,-0.080
1.104,-0.420,-0.075
1.106,-0.385,-0.070
1.108,-0.350,-0.060
1.110,-0.260,-0.040
1.112,-0.240,-0.010
1.114,-0.180,0.030
1.116,-0.085,0.080
1.118,-0.060,0.140
1.120,-0.075,0.205
1.122,-0.065,0.270
1.124,0.015,0.325
1.126,0.125,0.365
1.128,0.140,0.385
1.130,0.160,0.380
1.132,0.125,0.350
1.134,-0.005,0.290
1.136,-0.055,0.215
1.138,-0.105,0.120
1.140,-0.240,0.025
1.142,-0.375,-0.065
1.144,-0.475,-0.145
1.146,-0.620,-0.205
1.148,-0.630,-0.240
1.150,-0.455,-0.260
1.152,-0.475,-0.255
1.154,-0.500,-0.240
1.156,-0.395,-0.215
1.158,-0.420,-0.190
1.160,-0.455,-0.165
1.162,-0.520,-0.145
1.164,-0.485,-0.130
1.166,-0.455,-0.120
1.168,-0.370,-0.115
1.170,-0.335,-0.110
1.172,-0.270,-0.105
1.174,-0.250,-0.095
1.176,-0.265,-0.085
1.178,-0.325,-0.070
1.180,-0.375,-0.060
1.182,-0.410,-0.045
1.184,-0.390,-0.035
1.186,-0.370,-0.025
1.188,-0.260,-0.020
1.190,-0.215,-0.015
1.192,-0.210,-0.015
1.194,-0.265,-0.015
1.196,-0.235,-0.015
1.198,-0.275,-0.015
1.200,-0.310,-0.010
1.202,-0.330,-0.010
1.204,-0.345,0.000
1.206,-0.310,0.005
1.208,-0.235,0.015
1.210,-0.200,0.020
1.212,-0.200,0.025
1.214,-0.225,0.030
1.216,-0.155,0.030
1.218,-0.235,0.030
1.220,-0.305,0.025
1.222,-0.295,0.020
1.224,-0.315,0.015
1.226,-0.290,0.010
1.228,-0.315,0.000
1.230,-0.260,-0.005
1.232,-0.190,-0.010
1.234,-0.190,-0.015
1.236,-0.220,-0.015
1.238,-0.335,-0.020
1.240,-0.315,-0.015
1.242,-0.365,-0.010
1.244,-0.370,-0.005
1.246,-0.320,0.005
1.248,-0.225,0.015
1.250,-0.175,0.025
1.252,-0.150,0.030
1.254,-0.185,0.030
1.256,-0.180,0.030
1.258,-0.260,0.025
1.260,-0.345,0.015
1.262,-0.340,0.010
1.264,-0.345,0.000
1.266,-0.300,0.000
1.268,-0.250,-0.005
1.270,-0.205,0.000
1.272,-0.130,0.005
1.274,-0.170,0.015
1.276,-0.200,0.025
1.278,-0.250,0.030
1.280,-0.275,0.040
1.282,-0.300,0.045
1.284,-0.295,0.045
1.286,-0.235,0.050
1.288,-0.195,0.050
1.290,-0.140,0.055
1.292,-0.130,0.055
1.294,-0.145,0.060
1.296,-0.150,0.060
1.298,-0.200,0.060
1.300,-0.285,0.060
1.302,-0.350,0.060
1.304,-0.275,0.060
1.306,-0.250,0.055
1.308,-0.175,0.055
1.310,-0.160,0.050
1.312,-0.145,0.050
1.314,-0.120,0.055
1.316,-0.130,0.060
1.318,-0.235,0.070
1.320,-0.255,0.075
1.322,-0.240,0.085
1.324,-0.190,0.095
1.326,-0.235,0.100
1.328,-0.125,0.105
1.330,-0.060,0.110
1.332,-0.075,0.115
1.334,-0.115,0.115
1.336,-0.125,0.120
1.338,-0.140,0.125
1.340,-0.205,0.130
1.342,-0.240,0.135
1.344,-0.150,0.140
1.346,-0.155,0.145
1.348,-0.125,0.150
1.350,-0.070,0.155
1.352,-0.020,0.165
1.354,0.020,0.170
1.356,0.030,0.180
1.358,-0.100,0.190
1.360,-0.115,0.195
1.362,-0.130,0.200
1.364,-0.120,0.200
1.366,-0.120,0.195
1.368,-0.070,0.185
1.370,-0.045,0.170
1.372,-0.055,0.160
1.374,-0.055,0.150
1.376,-0.060,0.140
1.378,-0.115,0.140
1.380,-0.200,0.145
1.382,-0.195,0.155
1.384,-0.150,0.160
1.386,-0.150,0.170
1.388,-0.050,0.170
1.390,-0.020,0.165
1.392,-0.065,0.155
1.394,-0.060,0.140
1.396,-0.075,0.125
1.398,-0.190,0.105
1.400,-0.225,0.090
1.402,-0.275,0.075
1.404,-0.240,0.065
1.406,-0.240,0.060
1.408,-0.180,0.055
1.410,-0.180,0.045
1.412,-0.150,0.035
1.414,-0.185,0.025
1.416,-0.240,0.010
1.418,-0.355,0.000
1.420,-0.330,-0.010
1.422,-0.300,-0.015
1.424,-0.310,-0.010
1.426,-0.295,-0.005
1.428,-0.240,0.000
1.430,-0.220,0.010
1.432,-0.190,0.015
1.434,-0.190,0.020
1.436,-0.245,0.020
1.438,-0.295,0.015
1.440,-0.335,0.005
1.442,-0.360,-0.005
1.444,-0.325,-0.010
1.446,-0.285,-0.015
1.448,-0.210,-0.020
1.450,-0.250,-0.020
1.452,-0.240,-0.015
1.454,-0.230,-0.015
1.456,-0.225,-0.015
1.458,-0.305,-0.015
1.460,-0.345,-0.020
1.462,-0.365,-0.025
1.464,-0.365,-0.030
1.466,-0.320,-0.035
1.468,-0.265,-0.040
1.470,-0.245,-0.040
1.472,-0.200,-0.035
1.474,-0.205,-0.035
1.476,-0.265,-0.035
1.478,-0.335,-0.030
1.480,-0.375,-0.035
1.482,-0.390,-0.040
1.484,-0.380,-0.045
1.486,-0.325,-0.055
1.488,-0.260,-0.060
1.490,-0.255,-0.065
1.492,-0.240,-0.070
1.494,-0.295,-0.065
1.496,-0.280,-0.055
1.498,-0.315,-0.050
1.500,-0.380,-0.035
1.502,-0.390,-0.025
1.504,-0.330,-0.020
1.506,-0.275,-0.015
1.508,-0.245,-0.015
1.510,-0.225,-0.015
1.512,-0.225,-0.020
1.514,-0.270,-0.025
1.516,-0.330,-0.030
1.518,-0.315,-0.035
1.520,-0.360,-0.035
1.522,-0.390,-0.040
1.524,-0.365,-0.040
1.526,-0.295,-0.040
1.528,-0.235,-0.040
1.530,-0.205,-0.040
1.532,-0.250,-0.035
1.534,-0.270,-0.035
1.536,-0.280,-0.030
1.538,-0.290,-0.025
1.540,-0.350,-0.020
1.542,-0.375,-0.015
1.544,-0.305,-0.010
1.546,-0.235,-0.005
1.548,-0.235,-0.005
1.550,-0.195,0.000
1.552,-0.205,0.000
1.554,-0.180,0.000
1.556,-0.255,0.000
1.558,-0.335,0.000
1.560,-0.345,-0.005
1.562,-0.300,-0.005
1.564,-0.320,-0.010
1.566,-0.325,-0.015
1.568,-0.225,-0.020
1.570,-0.170,-0.025
1.572,-0.210,-0.030
1.574,-0.225,-0.030
1.576,-0.315,-0.030
1.578,-0.325,-0.025
1.580,-0.335,-0.020
1.582,-0.365,-0.010
1.584,-0.340,0.000
1.586,-0.235,0.005
1.588,-0.200,0.010
1.590,-0.190,0.010
1.592,-0.195,0.005
1.594,-0.215,0.000
1.596,-0.255,-0.010
1.598,-0.355,-0.015
1.600,-0.360,-0.020
1.602,-0.345,-0.025
1.604,-0.310,-0.025
1.606,-0.230,-0.020
1.608,-0.195,-0.015
1.610,-0.205,-0.010
1.612,-0.235,-0.010
1.614,-0.245,-0.010
1.616,-0.305,-0.010
1.618,-0.315,-0.015
1.620,-0.350,-0.020
1.622,-0.360,-0.020
1.624,-0.310,-0.020
1.626,-0.240,-0.020
1.628,-0.210,-0.015
1.630,-0.165,-0.010
1.632,-0.205,-0.010
1.634,-0.230,-0.005
1.636,-0.300,-0.010
1.638,-0.340,-0.015
1.640,-0.345,-0.020
1.642,-0.305,-0.025
1.644,-0.320,-0.030
1.646,-0.260,-0.030
1.648,-0.210,-0.025
1.650,-0.160,-0.020
1.652,-0.190,-0.010
1.654,-0.230,0.000
1.656,-0.295,0.005
1.658,-0.350,0.010
1.660,-0.350,0.005
1.662,-0.345,-0.005
1.664,-0.300,-0.015
1.666,-0.260,-0.025
1.668,-0.205,-0.035
1.670,-0.220,-0.040
1.672,-0.220,-0.045
1.674,-0.280,-0.040
1.676,-0.305,-0.040
1.678,-0.340,-0.030
1.680,-0.335,-0.025
1.682,-0.350,-0.020
1.684,-0.315,-0.015
1.686,-0.280,-0.015
1.688,-0.210,-0.015
1.690,-0.210,-0.015
1.692,-0.220,-0.015
1.694,-0.245,-0.015
1.696,-0.300,-0.015
1.698,-0.280,-0.010
1.700,-0.335,-0.005
1.702,-0.345,0.000
1.704,-0.300,0.005
1.706,-0.195,0.005
1.708,-0.160,0.005
1.710,-0.130,-0.005
1.712,-0.245,-0.010
1.714,-0.280,-0.020
1.716,-0.335,-0.030
1.718,-0.380,-0.040
1.720,-0.360,-0.045
1.722,-0.345,-0.045
1.724,-0.305,-0.040
1.726,-0.245,-0.035
1.728,-0.215,-0.025
1.730,-0.210,-0.020
1.732,-0.195,-0.015
1.734,-0.285,-0.010
1.736,-0.295,-0.015
1.738,-0.305,-0.020
1.740,-0.340,-0.025
1.742,-0.300,-0.035
1.744,-0.320,-0.040
1.746,-0.320,-0.045
1.748,-0.250,-0.050
1.750,-0.225,-0.050
1.752,-0.210,-0.050
1.754,-0.280,-0.045
1.756,-0.335,-0.045
1.758,-0.340,-0.040
1.760,-0.370,-0.040
1.762,-0.350,-0.040
1.764,-0.300,-0.040
1.766,-0.270,-0.040
1.768,-0.220,-0.035
1.770,-0.175,-0.030
1.772,-0.235,-0.025
1.774,-0.220,-0.020
1.776,-0.300,-0.010
1.778,-0.315,-0.005
1.780,-0.325,-0.005
1.782,-0.340,-0.005
1.784,-0.270,-0.010
1.786,-0.180,-0.015
1.788,-0.230,-0.025
1.790,-0.230,-0.035
1.792,-0.230,-0.040
1.794,-0.260,-0.045
1.796,-0.355,-0.045
1.798,-0.340,-0.040
1.800,-0.365,-0.035
1.802,-0.330,-0.030
1.804,-0.300,-0.020
1.806,-0.225,-0.015
1.808,-0.190,-0.015
1.810,-0.210,-0.010
1.812,-0.245,-0.015
1.814,-0.245,-0.020
1.816,-0.300,-0.030
1.818,-0.385,-0.035
1.820,-0.385,-0.040
1.822,-0.355,-0.045
1.824,-0.290,-0.040
1.826,-0.205,-0.040
1.828,-0.185,-0.030
1.830,-0.180,-0.025
1.832,-0.220,-0.015
1.834,-0.255,-0.010
1.836,-0.345,-0.010
1.838,-0.340,-0.010
1.840,-0.355,-0.015
1.842,-0.325,-0.025
1.844,-0.305,-0.035
1.846,-0.250,-0.040
1.848,-0.190,-0.045
1.850,-0.170,-0.045
1.852,-0.210,-0.040
1.854,-0.250,-0.030
1.856,-0.315,-0.015
1.858,-0.365,-0.005
1.860,-0.330,0.005
1.862,-0.270,0.015
1.864,-0.180,0.015
1.866,-0.185,0.010
1.868,-0.190,0.005
1.870,-0.195,0.000
1.872,-0.205,-0.005
1.874,-0.280,-0.010
1.876,-0.305,-0.005
1.878,-0.300,0.000
1.880,-0.305,0.005
1.882,-0.260,0.015
1.884,-0.225,0.020
1.886,-0.170,0.025
1.888,-0.135,0.025
1.890,-0.135,0.020
1.892,-0.210,0.015
1.894,-0.250,0.010
1.896,-0.275,0.005
1.898,-0.350,0.000
1.900,-0.320,0.000
1.902,-0.295,-0.005
1.904,-0.220,-0.005
1.906,-0.155,-0.010
1.908,-0.165,-0.015
1.910,-0.225,-0.025
1.912,-0.265,-0.035
1.914,-0.295,-0.040
1.916,-0.370,-0.050
1.918,-0.370,-0.050
1.920,-0.370,-0.050
1.922,-0.345,-0.050
1.924,-0.250,-0.040
1.926,-0.230,-0.035
1.928,-0.195,-0.030
1.930,-0.200,-0.025
1.932,-0.250,-0.025
1.934,-0.315,-0.025
1.936,-0.380,-0.035
1.938,-0.365,-0.040
1.940,-0.330,-0.050
1.942,-0.330,-0.055
1.944,-0.245,-0.060
1.946,-0.190,-0.060
1.948,-0.225,-0.055
1.950,-0.225,-0.050
1.952,-0.255,-0.045
1.954,-0.300,-0.035
1.956,-0.340,-0.030
1.958,-0.305,-0.025
1.960,-0.320,-0.025
1.962,-0.320,-0.025
1.964,-0.245,-0.025
1.966,-0.190,-0.030
1.968,-0.145,-0.035
1.970,-0.220,-0.045
1.972,-0.325,-0.055
1.974,-0.375,-0.065
1.976,-0.325,-0.070
1.978,-0.400,-0.080
1.980,-0.385,-0.080
1.982,-0.320,-0.070
1.984,-0.220,-0.045
1.986,-0.170,-0.010
1.988,-0.145,0.040
1.990,-0.055,0.105
1.992,-0.025,0.175
1.994,-0.025,0.245
1.996,0.035,0.310
1.998,0.095,0.365
2.000,0.140,0.390
2.002,0.185,0.395
2.004,0.225,0.370
2.006,0.180,0.320
2.008,-0.015,0.250
2.010,-0.115,0.165
2.012,-0.165,0.070
2.014,-0.315,-0.025
2.016,-0.405,-0.110
2.018,-0.505,-0.180
2.020,-0.625,-0.235
2.022,-0.580,-0.275
2.024,-0.480,-0.290
2.026,-0.420,-0.290
2.028,-0.400,-0.270
2.030,-0.400,-0.245
2.032,-0.380,-0.210
2.034,-0.430,-0.175
2.036,-0.505,-0.145
2.038,-0.485,-0.120
2.040,-0.380,-0.100
2.042,-0.275,-0.085
2.044,-0.275,-0.080
2.046,-0.205,-0.075
2.048,-0.240,-0.070
2.050,-0.255,-0.065
2.052,-0.270,-0.055
2.054,-0.335,-0.045
2.056,-0.330,-0.030
2.058,-0.315,-0.020
2.060,-0.300,-0.015
2.062,-0.270,-0.010
2.064,-0.220,-0.015
2.066,-0.220,-0.020
2.068,-0.200,-0.030
2.070,-0.240,-0.040
2.072,-0.300,-0.050
2.074,-0.345,-0.055
2.076,-0.355,-0.055
2.078,-0.305,-0.045
2.080,-0.290,-0.035
2.082,-0.255,-0.025
2.084,-0.225,-0.015
2.086,-0.205,-0.010
2.088,-0.155,-0.005
2.090,-0.165,-0.005
2.092,-0.205,-0.010
2.094,-0.360,-0.010
2.096,-0.315,-0.015
2.098,-0.325,-0.015
2.100,-0.300,-0.010
2.102,-0.260,-0.005
2.104,-0.175,-0.005
2.106,-0.155,0.000
2.108,-0.130,0.005
2.110,-0.200,0.010
2.112,-0.250,0.010
2.114,-0.270,0.015
2.116,-0.300,0.015
2.118,-0.280,0.015
2.120,-0.280,0.015
2.122,-0.225,0.015
2.124,-0.175,0.015
2.126,-0.120,0.010
2.128,-0.150,0.010
2.130,-0.160,0.005
2.132,-0.235,0.005
2.134,-0.280,0.005
2.136,-0.315,0.005
2.138,-0.355,0.005
2.140,-0.345,0.005
2.142,-0.215,0.010
2.144,-0.170,0.010
2.146,-0.140,0.010
2.148,-0.105,0.010
2.150,-0.175,0.010
2.152,-0.205,0.015
2.154,-0.245,0.020
2.156,-0.305,0.025
2.158,-0.270,0.035
2.160,-0.245,0.045
2.162,-0.145,0.050
2.164,-0.110,0.055
2.166,-0.100,0.055
2.168,-0.145,0.050
2.170,-0.205,0.040
2.172,-0.250,0.030
2.174,-0.275,0.020
2.176,-0.255,0.015
2.178,-0.290,0.015
2.180,-0.235,0.020
2.182,-0.150,0.030
2.184,-0.085,0.045
2.186,-0.055,0.060
2.188,-0.070,0.075
2.190,-0.140,0.080
2.192,-0.180,0.085
2.194,-0.175,0.090
2.196,-0.270,0.085
2.198,-0.225,0.085
2.200,-0.195,0.085
2.202,-0.085,0.085
2.204,-0.065,0.090
2.206,-0.040,0.100
2.208,-0.010,0.115
2.210,-0.075,0.130
2.212,-0.155,0.140
2.214,-0.155,0.150
2.216,-0.195,0.155
2.218,-0.140,0.155
2.220,-0.095,0.155
2.222,-0.045,0.155
2.224,-0.030,0.150
2.226,0.000,0.150
2.228,0.000,0.150
2.230,0.000,0.150
2.232,-0.100,0.160
2.234,-0.150,0.165
2.236,-0.095,0.170
2.238,-0.080,0.180
2.240,-0.080,0.185
2.242,-0.050,0.190
2.244,-0.025,0.195
2.246,0.035,0.195
2.248,0.020,0.195
2.250,-0.020,0.190
2.252,-0.080,0.185
2.254,-0.125,0.180
2.256,-0.140,0.170
2.258,-0.170,0.165
2.260,-0.105,0.155
2.262,-0.020,0.145
2.264,-0.005,0.135
2.266,0.000,0.125
2.268,-0.105,0.115
2.270,-0.125,0.110
2.272,-0.195,0.105
2.274,-0.185,0.100
2.276,-0.205,0.095
2.278,-0.195,0.095
2.280,-0.160,0.085
2.282,-0.105,0.080
2.284,-0.090,0.070
2.286,-0.125,0.055
2.288,-0.170,0.040
2.290,-0.190,0.025
2.292,-0.280,0.015
2.294,-0.270,0.000
2.296,-0.285,-0.005
2.298,-0.280,-0.010
2.300,-0.230,-0.010
2.302,-0.230,-0.010
2.304,-0.215,-0.005
2.306,-0.195,-0.005
2.308,-0.200,0.000
2.310,-0.195,0.000
2.312,-0.235,0.000
2.314,-0.280,0.000
2.316,-0.280,-0.005
2.318,-0.265,-0.005
2.320,-0.215,-0.005
2.322,-0.210,-0.005
2.324,-0.205,-0.010
2.326,-0.180,-0.010
2.328,-0.195,-0.015
2.330,-0.230,-0.015
2.332,-0.270,-0.020
2.334,-0.350,-0.025
2.336,-0.295,-0.030
2.338,-0.330,-0.035
2.340,-0.270,-0.040
2.342,-0.200,-0.040
2.344,-0.205,-0.045
2.346,-0.180,-0.045
2.348,-0.230,-0.050
2.350,-0.255,-0.050
2.352,-0.330,-0.050
2.354,-0.355,-0.050
2.356,-0.370,-0.050
2.358,-0.335,-0.045
2.360,-0.240,-0.040
2.362,-0.175,-0.035
2.364,-0.150,-0.025
2.366,-0.185,-0.015
2.368,-0.180,-0.010
2.370,-0.205,-0.010
2.372,-0.320,-0.015
2.374,-0.335,-0.030
2.376,-0.330,-0.040
2.378,-0.365,-0.055
2.380,-0.305,-0.070
2.382,-0.235,-0.080
2.384,-0.185,-0.080
2.386,-0.190,-0.075
2.388,-0.225,-0.065
2.390,-0.285,-0.050
2.392,-0.285,-0.035
2.394,-0.305,-0.025
2.396,-0.325,-0.020
2.398,-0.310,-0.015
2.400,-0.275,-0.020
2.402,-0.225,-0.025
2.404,-0.240,-0.030
2.406,-0.185,-0.030
2.408,-0.195,-0.030
2.410,-0.245,-0.025
2.412,-0.260,-0.020
2.414,-0.300,-0.015
2.416,-0.290,-0.010
2.418,-0.260,-0.005
2.420,-0.225,-0.010
2.422,-0.185,-0.015
2.424,-0.145,-0.025
2.426,-0.225,-0.035
2.428,-0.230,-0.040
2.430,-0.255,-0.040
2.432,-0.310,-0.035
2.434,-0.275,-0.025
2.436,-0.265,-0.015
2.438,-0.260,0.000
2.440,-0.220,0.010
2.442,-0.195,0.015
2.444,-0.120,0.015
2.446,-0.160,0.010
2.448,-0.195,0.005
2.450,-0.255,-0.005
2.452,-0.315,-0.015
2.454,-0.320,-0.025
2.456,-0.320,-0.030
2.458,-0.300,-0.035
2.460,-0.220,-0.035
2.462,-0.210,-0.030
2.464,-0.165,-0.025
2.466,-0.170,-0.015
2.468,-0.195,-0.005
2.470,-0.250,0.005
2.472,-0.250,0.010
2.474,-0.255,0.020
2.476,-0.260,0.025
2.478,-0.200,0.020
2.480,-0.150,0.015
2.482,-0.175,0.005
2.484,-0.195,-0.005
2.486,-0.185,-0.015
2.488,-0.170,-0.025
2.490,-0.265,-0.035
2.492,-0.350,-0.035
2.494,-0.390,-0.030
2.496,-0.305,-0.025
2.498,-0.255,-0.020
2.500,-0.160,-0.010
2.502,-0.130,-0.010
2.504,-0.155,-0.010
2.506,-0.155,-0.010
2.508,-0.190,-0.015
2.510,-0.310,-0.025
2.512,-0.330,-0.030
2.514,-0.300,-0.035
2.516,-0.340,-0.040
2.518,-0.265,-0.040
2.520,-0.185,-0.035
2.522,-0.170,-0.035
2.524,-0.205,-0.035
2.526,-0.220,-0.030
2.528,-0.215,-0.030
2.530,-0.280,-0.030
2.532,-0.310,-0.030
2.534,-0.290,-0.030
2.536,-0.290,-0.025
2.538,-0.305,-0.025
2.540,-0.180,-0.020
2.542,-0.200,-0.020
2.544,-0.170,-0.020
2.546,-0.155,-0.020
2.548,-0.200,-0.020
2.550,-0.295,-0.025
2.552,-0.315,-0.030
2.554,-0.300,-0.035
2.556,-0.315,-0.045
2.558,-0.275,-0.050
2.560,-0.210,-0.055
2.562,-0.235,-0.060
2.564,-0.200,-0.065
2.566,-0.255,-0.065
2.568,-0.270,-0.060
2.570,-0.290,-0.055
2.572,-0.335,-0.050
2.574,-0.305,-0.040
2.576,-0.295,-0.025
2.578,-0.235,-0.015
2.580,-0.180,-0.010
2.582,-0.110,0.000
2.584,-0.170,0.000
2.586,-0.165,-0.005
2.588,-0.180,-0.010
2.590,-0.260,-0.020
2.592,-0.300,-0.035
2.594,-0.365,-0.045
2.596,-0.350,-0.055
2.598,-0.290,-0.060
2.600,-0.220,-0.055
2.602,-0.155,-0.050
2.604,-0.140,-0.035
2.606,-0.145,-0.020
2.608,-0.155,-0.005
2.610,-0.240,0.005
2.612,-0.325,0.010
2.614,-0.340,0.005
2.616,-0.295,-0.005
2.618,-0.250,-0.020
2.620,-0.200,-0.040
2.622,-0.240,-0.060
2.624,-0.200,-0.070
2.626,-0.200,-0.080
2.628,-0.265,-0.075
2.630,-0.300,-0.070
2.632,-0.330,-0.060
2.634,-0.345,-0.050
2.636,-0.300,-0.040
2.638,-0.220,-0.030
2.640,-0.205,-0.030
2.642,-0.215,-0.035
2.644,-0.195,-0.040
2.646,-0.220,-0.045
2.648,-0.250,-0.050
2.650,-0.275,-0.050
2.652,-0.335,-0.050
2.654,-0.305,-0.040
2.656,-0.315,-0.030
2.658,-0.235,-0.020
2.660,-0.175,-0.015
2.662,-0.145,-0.005
2.664,-0.180,-0.005
2.666,-0.210,-0.005
2.668,-0.215,-0.010
2.670,-0.310,-0.010
2.672,-0.260,-0.015
2.674,-0.260,-0.020
2.676,-0.315,-0.025
2.678,-0.240,-0.030
2.680,-0.195,-0.035
2.682,-0.210,-0.040
2.684,-0.215,-0.045
2.686,-0.220,-0.050
2.688,-0.215,-0.055
2.690,-0.335,-0.055
2.692,-0.340,-0.055
2.694,-0.315,-0.050
2.696,-0.270,-0.045
2.698,-0.190,-0.035
2.700,-0.200,-0.030
2.702,-0.160,-0.025
2.704,-0.165,-0.025
2.706,-0.190,-0.020
2.708,-0.255,-0.020
2.710,-0.295,-0.020
2.712,-0.320,-0.025
2.714,-0.250,-0.025
2.716,-0.285,-0.025
2.718,-0.265,-0.030
2.720,-0.205,-0.030
2.722,-0.200,-0.035
2.724,-0.210,-0.040
2.726,-0.210,-0.045
2.728,-0.260,-0.050
2.730,-0.330,-0.050
2.732,-0.345,-0.050
2.734,-0.325,-0.050
2.736,-0.260,-0.045
2.738,-0.155,-0.035
2.740,-0.165,-0.025
2.742,-0.165,-0.020
2.744,-0.175,-0.020
2.746,-0.235,-0.020
2.748,-0.305,-0.030
2.750,-0.285,-0.040
2.752,-0.275,-0.050
2.754,-0.385,-0.060
2.756,-0.305,-0.070
2.758,-0.215,-0.065
2.760,-0.210,-0.060
2.762,-0.165,-0.050
2.764,-0.165,-0.035
2.766,-0.200,-0.020
2.768,-0.260,-0.010
2.770,-0.280,-0.005
2.772,-0.310,-0.005
2.774,-0.315,-0.010
2.776,-0.250,-0.015
2.778,-0.155,-0.020
2.780,-0.165,-0.020
2.782,-0.170,-0.020
2.784,-0.225,-0.015
2.786,-0.170,-0.005
2.788,-0.240,0.005
2.790,-0.280,0.015
2.792,-0.295,0.015
2.794,-0.295,0.015
2.796,-0.235,0.010
2.798,-0.205,0.005
2.800,-0.160,-0.005
2.802,-0.130,-0.010
2.804,-0.170,-0.015
2.806,-0.160,-0.015
2.808,-0.270,-0.010
2.810,-0.260,-0.005
2.812,-0.275,0.000
2.814,-0.265,0.010
2.816,-0.210,0.015
2.818,-0.160,0.015
2.820,-0.185,0.015
2.822,-0.185,0.015
2.824,-0.120,0.015
2.826,-0.155,0.010
2.828,-0.220,0.005
2.830,-0.300,0.000
2.832,-0.300,0.000
2.834,-0.295,0.000
2.836,-0.205,0.000
2.838,-0.135,0.000
2.840,-0.085,0.005
2.842,-0.070,0.010
2.844,-0.195,0.015
2.846,-0.170,0.015
2.848,-0.250,0.015
2.850,-0.235,0.010
2.852,-0.250,0.000
2.854,-0.370,-0.010
2.856,-0.285,-0.025
2.858,-0.210,-0.040
2.860,-0.170,-0.050
2.862,-0.200,-0.060
2.864,-0.245,-0.065
2.866,-0.250,-0.065
2.868,-0.325,-0.055
2.870,-0.315,-0.050
2.872,-0.330,-0.040
2.874,-0.310,-0.030
2.876,-0.245,-0.025
2.878,-0.195,-0.025
2.880,-0.180,-0.025
2.882,-0.185,-0.030
2.884,-0.185,-0.035
2.886,-0.195,-0.040
2.888,-0.270,-0.045
2.890,-0.380,-0.050
2.892,-0.330,-0.055
2.894,-0.300,-0.055
2.896,-0.250,-0.055
2.898,-0.215,-0.050
2.900,-0.210,-0.050
2.902,-0.165,-0.045
2.904,-0.165,-0.045
2.906,-0.265,-0.045
2.908,-0.305,-0.045
2.910,-0.345,-0.055
2.912,-0.355,-0.060
2.914,-0.310,-0.070
2.916,-0.255,-0.075
2.918,-0.270,-0.075
2.920,-0.220,-0.060
2.922,-0.125,-0.035
2.924,-0.130,0.005
2.926,-0.140,0.060
2.928,-0.115,0.125
2.930,-0.075,0.195
2.932,0.010,0.260
2.934,0.075,0.315
2.936,0.230,0.355
2.938,0.285,0.370
2.940,0.265,0.365
2.942,0.180,0.340
2.944,0.050,0.290
2.946,-0.080,0.220
2.948,-0.135,0.145
2.950,-0.165,0.065
2.952,-0.255,-0.015
2.954,-0.350,-0.090
2.956,-0.435,-0.150
2.958,-0.410,-0.200
2.960,-0.365,-0.235
2.962,-0.420,-0.255
2.964,-0.405,-0.260
2.966,-0.415,-0.250
2.968,-0.480,-0.235
2.970,-0.480,-0.210
2.972,-0.450,-0.185
2.974,-0.450,-0.160
2.976,-0.340,-0.135
2.978,-0.275,-0.115
2.980,-0.170,-0.095
2.982,-0.210,-0.080
2.984,-0.180,-0.070
2.986,-0.230,-0.055
2.988,-0.355,-0.045
2.990,-0.320,-0.035
2.992,-0.280,-0.030
2.994,-0.285,-0.020
2.996,-0.185,-0.020
2.998,-0.195,-0.015
3.000,-0.145,-0.015
3.002,-0.150,-0.010
3.004,-0.140,-0.015
3.006,-0.215,-0.015
3.008,-0.290,-0.015
3.010,-0.345,-0.015
3.012,-0.310,-0.015
3.014,-0.245,-0.020
3.016,-0.175,-0.020
3.018,-0.175,-0.025
3.020,-0.130,-0.030
3.022,-0.145,-0.030
3.024,-0.200,-0.030
3.026,-0.265,-0.030
3.028,-0.310,-0.025
3.030,-0.300,-0.015
3.032,-0.255,-0.005
3.034,-0.210,0.005
3.036,-0.160,0.015
3.038,-0.135,0.025
3.040,-0.155,0.025
3.042,-0.120,0.025
3.044,-0.110,0.020
3.046,-0.220,0.010
3.048,-0.260,0.000
3.050,-0.255,-0.010
3.052,-0.340,-0.015
3.054,-0.230,-0.020
3.056,-0.180,-0.015
3.058,-0.130,-0.010
3.060,-0.120,0.000
3.062,-0.140,0.005
3.064,-0.125,0.015
3.066,-0.210,0.020
3.068,-0.225,0.025
3.070,-0.240,0.025
3.072,-0.255,0.020
3.074,-0.240,0.015
3.076,-0.215,0.005
3.078,-0.150,0.000
3.080,-0.105,0.000
3.082,-0.145,0.000
3.084,-0.130,0.005
3.086,-0.205,0.010
3.088,-0.225,0.015
3.090,-0.245,0.020
3.092,-0.265,0.025
3.094,-0.215,0.030
3.096,-0.105,0.035
3.098,-0.130,0.035
3.100,-0.075,0.035
3.102,-0.075,0.035
3.104,-0.075,0.035
3.106,-0.235,0.035
3.108,-0.200,0.035
3.110,-0.245,0.040
3.112,-0.240,0.040
3.114,-0.180,0.045
3.116,-0.140,0.050
3.118,-0.080,0.055
3.120,-0.060,0.065
3.122,-0.055,0.070
3.124,-0.070,0.075
3.126,-0.095,0.080
3.128,-0.160,0.085
3.130,-0.220,0.085
3.132,-0.200,0.085
3.134,-0.145,0.080
3.136,-0.090,0.080
3.138,-0.020,0.075
3.140,-0.045,0.075
3.142,-0.045,0.075
3.144,-0.100,0.085
3.146,-0.135,0.095
3.148,-0.135,0.115
3.150,-0.120,0.130
3.152,-0.095,0.145
3.154,-0.030,0.160
3.156,0.025,0.165
3.158,0.040,0.165
3.160,0.010,0.165
3.162,-0.005,0.160
3.164,-0.015,0.155
3.166,-0.050,0.145
3.168,-0.125,0.145
3.170,-0.100,0.145
3.172,-0.070,0.150
3.174,-0.085,0.155
3.176,-0.030,0.160
3.178,0.060,0.165
3.180,0.045,0.170
3.182,0.035,0.175
3.184,0.005,0.175
3.186,-0.040,0.180
3.188,-0.050,0.180
3.190,-0.085,0.180
3.192,-0.130,0.185
3.194,-0.050,0.185
3.196,0.015,0.185
3.198,0.045,0.180
3.200,0.060,0.170
3.202,0.080,0.155
3.204,0.000,0.140
3.206,-0.200,0.125
3.208,-0.175,0.115
3.210,-0.170,0.100
3.212,-0.150,0.095
3.214,-0.110,0.090
3.216,-0.065,0.085
3.218,-0.050,0.080
3.220,-0.065,0.075
3.222,-0.090,0.065
3.224,-0.155,0.055
3.226,-0.225,0.045
3.228,-0.265,0.030
3.230,-0.235,0.020
3.232,-0.235,0.005
3.234,-0.185,0.000
3.236,-0.160,-0.005
3.238,-0.120,-0.010
3.240,-0.095,-0.010
3.242,-0.165,-0.010
3.244,-0.210,-0.010
3.246,-0.275,-0.015
3.248,-0.295,-0.015
3.250,-0.270,-0.020
3.252,-0.260,-0.020
3.254,-0.215,-0.020
3.256,-0.170,-0.020
3.258,-0.105,-0.020
3.260,-0.145,-0.015
3.262,-0.170,-0.005
3.264,-0.220,0.000
3.266,-0.275,0.005
3.268,-0.250,0.005
3.270,-0.250,0.000
3.272,-0.255,-0.005
3.274,-0.235,-0.015
3.276,-0.210,-0.025
3.278,-0.165,-0.035
3.280,-0.165,-0.045
3.282,-0.155,-0.055
3.284,-0.250,-0.060
3.286,-0.325,-0.055
3.288,-0.355,-0.055
3.290,-0.300,-0.045
3.292,-0.235,-0.035
3.294,-0.225,-0.030
3.296,-0.150,-0.020
3.298,-0.130,-0.015
3.300,-0.145,-0.015
3.302,-0.165,-0.015
3.304,-0.255,-0.015
3.306,-0.295,-0.020
3.308,-0.300,-0.030
3.310,-0.300,-0.035
3.312,-0.300,-0.045
3.314,-0.210,-0.050
3.316,-0.190,-0.055
3.318,-0.150,-0.055
3.320,-0.155,-0.055
3.322,-0.175,-0.045
3.324,-0.240,-0.040
3.326,-0.275,-0.025
3.328,-0.310,-0.015
3.330,-0.320,-0.005
3.332,-0.250,0.000
3.334,-0.150,0.000
3.336,-0.115,-0.005
3.338,-0.125,-0.015
3.340,-0.170,-0.025
3.342,-0.185,-0.035
3.344,-0.245,-0.040
3.346,-0.290,-0.045
3.348,-0.305,-0.040
3.350,-0.315,-0.040
3.352,-0.260,-0.030
3.354,-0.160,-0.025
3.356,-0.145,-0.020
3.358,-0.150,-0.020
3.360,-0.160,-0.025
3.362,-0.205,-0.025
3.364,-0.240,-0.030
3.366,-0.280,-0.030
3.368,-0.315,-0.030
3.370,-0.275,-0.020
3.372,-0.225,-0.010
3.374,-0.175,0.000
3.376,-0.145,0.010
3.378,-0.075,0.015
3.380,-0.045,0.020
3.382,-0.140,0.015
3.384,-0.250,0.005
3.386,-0.275,-0.010
3.388,-0.280,-0.020
3.390,-0.250,-0.025
3.392,-0.275,-0.030
3.394,-0.150,-0.025
3.396,-0.135,-0.020
3.398,-0.110,-0.010
3.400,-0.155,0.000
3.402,-0.205,0.000
3.404,-0.255,0.000
3.406,-0.285,-0.005
3.408,-0.270,-0.010
3.410,-0.280,-0.020
3.412,-0.240,-0.030
3.414,-0.180,-0.035
3.416,-0.155,-0.035
3.418,-0.115,-0.030
3.420,-0.115,-0.030
3.422,-0.185,-0.025
3.424,-0.280,-0.020
3.426,-0.320,-0.020
3.428,-0.295,-0.020
3.430,-0.280,-0.020
3.432,-0.230,-0.025
3.434,-0.145,-0.030
3.436,-0.150,-0.030
3.438,-0.110,-0.030
3.440,-0.170,-0.030
3.442,-0.235,-0.035
3.444,-0.285,-0.035
3.446,-0.290,-0.035
3.448,-0.305,-0.040
3.450,-0.305,-0.045
3.452,-0.210,-0.045
3.454,-0.220,-0.045
3.456,-0.165,-0.045
3.458,-0.145,-0.035
3.460,-0.110,-0.025
3.462,-0.165,-0.015
3.464,-0.210,-0.005
3.466,-0.265,0.000
3.468,-0.275,0.005
3.470,-0.240,0.000
3.472,-0.215,-0.010
3.474,-0.200,-0.025
3.476,-0.130,-0.040
3.478,-0.175,-0.050
3.480,-0.180,-0.060
3.482,-0.265,-0.070
3.484,-0.265,-0.070
3.486,-0.300,-0.065
3.488,-0.300,-0.055
3.490,-0.285,-0.045
3.492,-0.215,-0.035
3.494,-0.170,-0.030
3.496,-0.155,-0.030
3.498,-0.170,-0.030
3.500,-0.220,-0.035
3.502,-0.215,-0.045
3.504,-0.240,-0.050
3.506,-0.315,-0.055
3.508,-0.300,-0.060
3.510,-0.290,-0.055
3.512,-0.230,-0.050
3.514,-0.155,-0.040
3.516,-0.150,-0.030
3.518,-0.115,-0.020
3.520,-0.175,-0.010
3.522,-0.225,-0.010
3.524,-0.265,-0.010
3.526,-0.285,-0.020
3.528,-0.285,-0.030
3.530,-0.270,-0.045
3.532,-0.250,-0.055
3.534,-0.205,-0.060
3.536,-0.180,-0.065
3.538,-0.180,-0.060
3.540,-0.180,-0.050
3.542,-0.230,-0.040
3.544,-0.240,-0.030
3.546,-0.280,-0.020
3.548,-0.185,-0.015
3.550,-0.280,-0.015
3.552,-0.255,-0.020
3.554,-0.175,-0.030
3.556,-0.170,-0.035
3.558,-0.185,-0.045
3.560,-0.190,-0.050
3.562,-0.230,-0.050
3.564,-0.275,-0.045
3.566,-0.230,-0.040
3.568,-0.290,-0.035
3.570,-0.295,-0.030
3.572,-0.245,-0.025
3.574,-0.195,-0.025
3.576,-0.165,-0.030
3.578,-0.160,-0.035
3.580,-0.190,-0.040
3.582,-0.235,-0.040
3.584,-0.245,-0.040
3.586,-0.290,-0.040
3.588,-0.305,-0.040
3.590,-0.275,-0.035
3.592,-0.190,-0.030
3.594,-0.155,-0.025
3.596,-0.140,-0.025
3.598,-0.135,-0.030
3.600,-0.175,-0.030
3.602,-0.255,-0.035
3.604,-0.295,-0.035
3.606,-0.270,-0.040
3.608,-0.275,-0.035
3.610,-0.235,-0.035
3.612,-0.195,-0.030
3.614,-0.145,-0.020
3.616,-0.080,-0.020
3.618,-0.140,-0.015
3.620,-0.170,-0.020
3.622,-0.235,-0.025
3.624,-0.265,-0.030
3.626,-0.265,-0.040
3.628,-0.310,-0.050
3.630,-0.295,-0.055
3.632,-0.235,-0.060
3.634,-0.170,-0.055
3.636,-0.115,-0.050
3.638,-0.095,-0.040
3.640,-0.160,-0.030
3.642,-0.245,-0.020
3.644,-0.275,-0.010
3.646,-0.275,-0.005
3.648,-0.260,-0.005
3.650,-0.235,-0.010
3.652,-0.195,-0.020
3.654,-0.165,-0.030
3.656,-0.130,-0.040
3.658,-0.170,-0.050
3.660,-0.215,-0.050
3.662,-0.250,-0.055
3.664,-0.305,-0.055
3.666,-0.295,-0.050
3.668,-0.255,-0.045
3.670,-0.250,-0.035
3.672,-0.165,-0.030
3.674,-0.105,-0.025
3.676,-0.130,-0.020
3.678,-0.205,-0.015
3.680,-0.165,-0.010
3.682,-0.195,-0.010
3.684,-0.195,-0.005
3.686,-0.190,-0.005
3.688,-0.260,-0.005
3.690,-0.210,-0.005
3.692,-0.125,-0.010
3.694,-0.100,-0.010
3.696,-0.160,-0.010
3.698,-0.145,-0.010
3.700,-0.140,-0.005
3.702,-0.190,0.005
3.704,-0.215,0.015
3.706,-0.235,0.025
3.708,-0.230,0.035
3.710,-0.205,0.040
3.712,-0.100,0.040
3.714,-0.070,0.035
3.716,-0.040,0.025
3.718,-0.095,0.010
3.720,-0.195,0.000
3.722,-0.225,-0.015
3.724,-0.260,-0.025
3.726,-0.310,-0.030
3.728,-0.290,-0.030
3.730,-0.205,-0.030
3.732,-0.135,-0.025
3.734,-0.125,-0.020
3.736,-0.070,-0.015
3.738,-0.125,-0.010
3.740,-0.195,-0.010
3.742,-0.245,-0.010
3.744,-0.265,-0.010
3.746,-0.265,-0.015
3.748,-0.265,-0.020
3.750,-0.195,-0.025
3.752,-0.185,-0.030
3.754,-0.155,-0.035
3.756,-0.125,-0.045
3.758,-0.180,-0.050
3.760,-0.205,-0.060
3.762,-0.270,-0.065
3.764,-0.350,-0.065
3.766,-0.330,-0.060
3.768,-0.300,-0.050
3.770,-0.170,-0.040
3.772,-0.140,-0.030
3.774,-0.090,-0.015
3.776,-0.100,-0.010
3.778,-0.155,-0.005
3.780,-0.205,-0.005
3.782,-0.235,-0.010
3.784,-0.215,-0.020
3.786,-0.245,-0.030
3.788,-0.280,-0.040
3.790,-0.285,-0.050
3.792,-0.185,-0.055
3.794,-0.140,-0.060
3.796,-0.140,-0.065
3.798,-0.205,-0.070
3.800,-0.285,-0.070
3.802,-0.330,-0.075
3.804,-0.300,-0.075
3.806,-0.325,-0.070
3.808,-0.235,-0.055
3.810,-0.180,-0.035
3.812,-0.140,0.005
3.814,-0.040,0.055
3.816,0.010,0.115
3.818,0.035,0.180
3.820,0.095,0.245
3.822,0.105,0.305
3.824,0.170,0.345
3.826,0.205,0.370
3.828,0.210,0.365
3.830,0.240,0.340
3.832,0.140,0.290
3.834,-0.015,0.220
3.836,-0.045,0.140
3.838,-0.020,0.055
3.840,-0.175,-0.025
3.842,-0.315,-0.100
3.844,-0.450,-0.160
3.846,-0.510,-0.205
3.848,-0.455,-0.230
3.850,-0.350,-0.245
3.852,-0.350,-0.245
3.854,-0.380,-0.240
3.856,-0.370,-0.225
3.858,-0.350,-0.210
3.860,-0.390,-0.190
3.862,-0.385,-0.170
3.864,-0.340,-0.150
3.866,-0.340,-0.130
3.868,-0.290,-0.105
3.870,-0.245,-0.085
3.872,-0.165,-0.065
3.874,-0.115,-0.050
3.876,-0.145,-0.035
3.878,-0.195,-0.030
3.880,-0.235,-0.025
3.882,-0.280,-0.025
3.884,-0.300,-0.030
3.886,-0.245,-0.035
3.888,-0.235,-0.040
3.890,-0.170,-0.045
3.892,-0.160,-0.040
3.894,-0.115,-0.040
3.896,-0.130,-0.030
3.898,-0.170,-0.020
3.900,-0.175,-0.010
3.902,-0.185,-0.005
3.904,-0.170,0.005
3.906,-0.235,0.010
3.908,-0.230,0.010
3.910,-0.170,0.010
3.912,-0.115,0.005
3.914,-0.100,0.000
3.916,-0.135,-0.005
3.918,-0.180,-0.010
3.920,-0.180,-0.010
3.922,-0.170,-0.015
3.924,-0.235,-0.010
3.926,-0.255,-0.005
3.928,-0.215,0.005
3.930,-0.145,0.015
3.932,-0.120,0.025
3.934,-0.025,0.035
3.936,-0.075,0.040
3.938,-0.110,0.040
3.940,-0.165,0.035
3.942,-0.200,0.030
3.944,-0.215,0.020
3.946,-0.255,0.010
3.948,-0.240,0.000
3.950,-0.130,-0.010
3.952,-0.140,-0.010
3.954,-0.095,-0.010
3.956,-0.070,-0.005
3.958,-0.145,0.005
3.960,-0.150,0.015
3.962,-0.205,0.020
3.964,-0.200,0.025
3.966,-0.180,0.030
3.968,-0.200,0.035
3.970,-0.125,0.035
3.972,-0.050,0.035
3.974,-0.045,0.035
3.976,-0.060,0.040
3.978,-0.095,0.040
3.980,-0.165,0.045
3.982,-0.180,0.045
3.984,-0.180,0.045
3.986,-0.180,0.045
3.988,-0.180,0.040
3.990,-0.135,0.040
3.992,-0.025,0.035
3.994,-0.040,0.035
3.996,-0.045,0.040
3.998,-0.100,0.045
4.000,-0.210,0.050
4.002,-0.145,0.060
4.004,-0.200,0.070
4.006,-0.185,0.075
4.008,-0.120,0.080
4.010,-0.005,0.085
4.012,-0.005,0.085
4.014,0.035,0.080
4.016,-0.020,0.080
4.018,-0.045,0.080
4.020,-0.105,0.085
4.022,-0.190,0.085
4.024,-0.155,0.090
4.026,-0.160,0.100
4.028,-0.060,0.105
4.030,-0.040,0.115
4.032,0.010,0.120
4.034,0.070,0.130
4.036,0.020,0.135
4.038,0.025,0.140
4.040,-0.090,0.145
4.042,-0.050,0.150
4.044,-0.055,0.155
4.046,-0.080,0.165
4.048,-0.025,0.170
4.050,0.050,0.175
4.052,0.135,0.180
4.054,0.100,0.185
4.056,0.075,0.195
4.058,0.070,0.200
4.060,0.050,0.210
4.062,0.035,0.215
4.064,-0.045,0.220
4.066,-0.060,0.220
4.068,0.050,0.215
4.070,0.085,0.210
4.072,0.055,0.200
4.074,0.065,0.190
4.076,0.045,0.180
4.078,0.005,0.170
4.080,-0.045,0.165
4.082,-0.055,0.160
4.084,-0.040,0.160
4.086,-0.045,0.160
4.088,0.000,0.160
4.090,0.045,0.160
4.092,0.065,0.155
4.094,0.070,0.150
4.096,0.050,0.135
4.098,-0.035,0.120
4.100,-0.140,0.105
4.102,-0.225,0.085
4.104,-0.175,0.070
4.106,-0.145,0.060
4.108,-0.110,0.050
4.110,-0.055,0.045
4.112,-0.065,0.040
4.114,-0.045,0.035
4.116,-0.090,0.030
4.118,-0.125,0.030
4.120,-0.185,0.025
4.122,-0.210,0.020
4.124,-0.225,0.020
4.126,-0.200,0.020
4.128,-0.145,0.020
4.130,-0.065,0.020
4.132,-0.045,0.025
4.134,-0.060,0.025
4.136,-0.085,0.025
4.138,-0.155,0.020
4.140,-0.230,0.015
4.142,-0.290,0.005
4.144,-0.270,-0.005
4.146,-0.225,-0.020
4.148,-0.140,-0.030
4.150,-0.160,-0.045
4.152,-0.120,-0.050
4.154,-0.100,-0.055
4.156,-0.150,-0.055
4.158,-0.215,-0.050
4.160,-0.240,-0.045
4.162,-0.325,-0.035
4.164,-0.280,-0.025
4.166,-0.270,-0.020
4.168,-0.145,-0.020
4.170,-0.135,-0.020
4.172,-0.115,-0.025
4.174,-0.120,-0.030
4.176,-0.130,-0.040
4.178,-0.165,-0.045
4.180,-0.285,-0.050
4.182,-0.315,-0.050
4.184,-0.285,-0.050
4.186,-0.225,-0.045
4.188,-0.180,-0.040
4.190,-0.115,-0.030
4.192,-0.125,-0.025
4.194,-0.160,-0.020
4.196,-0.125,-0.015
4.198,-0.145,-0.015
4.200,-0.240,-0.015
4.202,-0.260,-0.020
4.204,-0.285,-0.025
4.206,-0.295,-0.030
4.208,-0.165,-0.030
4.210,-0.135,-0.035
4.212,-0.155,-0.030
4.214,-0.105,-0.025
4.216,-0.135,-0.020
4.218,-0.160,-0.015
4.220,-0.220,-0.010
4.222,-0.210,-0.005
4.224,-0.250,-0.005
4.226,-0.245,-0.005
4.228,-0.155,-0.010
4.230,-0.155,-0.015
4.232,-0.140,-0.025
4.234,-0.140,-0.030
4.236,-0.135,-0.030
4.238,-0.205,-0.035
4.240,-0.245,-0.030
4.242,-0.260,-0.030
4.244,-0.235,-0.025
4.246,-0.210,-0.020
4.248,-0.150,-0.015
4.250,-0.125,-0.015
4.252,-0.105,-0.015
4.254,-0.115,-0.015
4.256,-0.180,-0.020
4.258,-0.210,-0.020
4.260,-0.245,-0.020
4.262,-0.235,-0.020
4.264,-0.210,-0.015
4.266,-0.195,-0.010
4.268,-0.120,0.000
4.270,-0.060,0.010
4.272,-0.065,0.020
4.274,-0.085,0.025
4.276,-0.140,0.025
4.278,-0.135,0.025
4.280,-0.235,0.020
4.282,-0.240,0.010
4.284,-0.215,0.005
4.286,-0.155,-0.005
4.288,-0.105,-0.010
4.290,-0.130,-0.010
4.292,-0.090,-0.010
4.294,-0.115,-0.010
4.296,-0.135,-0.010
4.298,-0.190,-0.005
4.300,-0.210,-0.005
4.302,-0.220,-0.005
4.304,-0.245,-0.010
4.306,-0.195,-0.010
4.308,-0.105,-0.010
4.310,-0.065,-0.005
4.312,-0.085,-0.005
4.314,-0.090,0.000
4.316,-0.140,0.005
4.318,-0.230,0.010
4.320,-0.245,0.010
4.322,-0.250,0.005
4.324,-0.235,0.000
4.326,-0.155,-0.005
4.328,-0.065,-0.010
4.330,-0.095,-0.015
4.332,-0.135,-0.015
4.334,-0.130,-0.015
4.336,-0.135,-0.015
4.338,-0.205,-0.010
4.340,-0.220,-0.005
4.342,-0.250,-0.005
4.344,-0.270,-0.005
4.346,-0.185,-0.005
4.348,-0.105,-0.010
4.350,-0.090,-0.015
4.352,-0.105,-0.015
4.354,-0.090,-0.015
4.356,-0.115,-0.015
4.358,-0.205,-0.015
4.360,-0.295,-0.010
4.362,-0.275,-0.010
4.364,-0.260,-0.010
4.366,-0.220,-0.010
4.368,-0.120,-0.015
4.370,-0.075,-0.020
4.372,-0.085,-0.030
4.374,-0.145,-0.040
4.376,-0.190,-0.045
4.378,-0.270,-0.050
4.380,-0.310,-0.050
4.382,-0.275,-0.045
4.384,-0.260,-0.045
4.386,-0.185,-0.040
4.388,-0.115,-0.040
4.390,-0.115,-0.040
4.392,-0.115,-0.035
4.394,-0.080,-0.035
4.396,-0.215,-0.035
4.398,-0.265,-0.030
4.400,-0.255,-0.025
4.402,-0.230,-0.015
4.404,-0.205,-0.010
4.406,-0.120,-0.005
4.408,-0.130,-0.005
4.410,-0.125,-0.005
4.412,-0.140,-0.005
4.414,-0.105,-0.010
4.416,-0.185,-0.015
4.418,-0.235,-0.015
4.420,-0.240,-0.015
4.422,-0.240,-0.015
4.424,-0.240,-0.015
4.426,-0.160,-0.010
4.428,-0.085,-0.010
4.430,-0.095,-0.010
4.432,-0.110,-0.015
4.434,-0.130,-0.020
4.436,-0.185,-0.030
4.438,-0.295,-0.040
4.440,-0.315,-0.045
4.442,-0.245,-0.050
4.444,-0.245,-0.050
4.446,-0.205,-0.050
4.448,-0.130,-0.045
4.450,-0.095,-0.040
4.452,-0.085,-0.040
4.454,-0.160,-0.040
4.456,-0.195,-0.040
4.458,-0.280,-0.045
4.460,-0.305,-0.045
4.462,-0.290,-0.050
4.464,-0.215,-0.045
4.466,-0.140,-0.040
4.468,-0.105,-0.035
4.470,-0.135,-0.025
4.472,-0.105,-0.020
4.474,-0.110,-0.015
4.476,-0.200,-0.015
4.478,-0.280,-0.015
4.480,-0.270,-0.020
4.482,-0.255,-0.025
4.484,-0.230,-0.030
4.486,-0.160,-0.035
4.488,-0.100,-0.035
4.490,-0.130,-0.030
4.492,-0.055,-0.020
4.494,-0.095,-0.015
4.496,-0.180,-0.010
4.498,-0.260,-0.005
4.500,-0.290,-0.005
4.502,-0.295,-0.010
4.504,-0.185,-0.020
4.506,-0.135,-0.025
4.508,-0.140,-0.035
4.510,-0.145,-0.040
4.512,-0.115,-0.045
4.514,-0.130,-0.045
4.516,-0.215,-0.045
4.518,-0.270,-0.045
4.520,-0.300,-0.040
4.522,-0.275,-0.040
4.524,-0.215,-0.040
4.526,-0.150,-0.040
4.528,-0.115,-0.040
4.530,-0.085,-0.040
4.532,-0.145,-0.035
4.534,-0.205,-0.030
4.536,-0.195,-0.020
4.538,-0.240,-0.015
4.540,-0.255,-0.005
4.542,-0.215,0.000
4.544,-0.160,0.000
4.546,-0.130,0.000
4.548,-0.115,0.000
4.550,-0.090,0.000
4.552,-0.110,0.000
4.554,-0.120,0.000
4.556,-0.170,0.005
4.558,-0.230,0.015
4.560,-0.230,0.020
4.562,-0.210,0.025
4.564,-0.155,0.030
4.566,-0.025,0.030
4.568,-0.015,0.020
4.570,-0.070,0.010
4.572,-0.165,0.000
4.574,-0.205,-0.015
4.576,-0.185,-0.025
4.578,-0.260,-0.030
4.580,-0.280,-0.035
4.582,-0.240,-0.035
4.584,-0.205,-0.030
4.586,-0.120,-0.020
4.588,-0.110,-0.015
4.590,-0.140,-0.005
4.592,-0.075,0.000
4.594,-0.135,0.005
4.596,-0.160,0.005
4.598,-0.240,0.005
4.600,-0.250,0.005
4.602,-0.250,0.000
4.604,-0.210,-0.005
4.606,-0.100,-0.015
4.608,-0.125,-0.025
4.610,-0.100,-0.030
4.612,-0.125,-0.040
4.614,-0.160,-0.045
4.616,-0.255,-0.050
4.618,-0.270,-0.050
4.620,-0.280,-0.045
4.622,-0.230,-0.040
4.624,-0.215,-0.035
4.626,-0.135,-0.030
4.628,-0.075,-0.025
4.630,-0.110,-0.025
4.632,-0.145,-0.025
4.634,-0.200,-0.025
4.636,-0.275,-0.025
4.638,-0.295,-0.030
4.640,-0.225,-0.035
4.642,-0.220,-0.035
4.644,-0.170,-0.040
4.646,-0.170,-0.040
4.648,-0.190,-0.045
4.650,-0.115,-0.050
4.652,-0.185,-0.055
4.654,-0.220,-0.060
4.656,-0.270,-0.065
4.658,-0.305,-0.065
4.660,-0.320,-0.065
4.662,-0.240,-0.065
4.664,-0.180,-0.065
4.666,-0.195,-0.060
4.668,-0.115,-0.060
4.670,-0.145,-0.060
4.672,-0.180,-0.065
4.674,-0.250,-0.075
4.676,-0.315,-0.085
4.678,-0.325,-0.090
4.680,-0.340,-0.085
4.682,-0.275,-0.065
4.684,-0.195,-0.030
4.686,-0.055,0.020
4.688,0.055,0.090
4.690,0.150,0.170
4.692,0.135,0.250
4.694,0.160,0.320
4.696,0.225,0.375
4.698,0.235,0.400
4.700,0.200,0.395
4.702,0.175,0.360
4.704,0.110,0.300
4.706,-0.010,0.215
4.708,-0.035,0.125
4.710,0.015,0.035
4.712,-0.105,-0.055
4.714,-0.210,-0.125
4.716,-0.415,-0.185
4.718,-0.560,-0.225
4.720,-0.610,-0.255
4.722,-0.490,-0.270
4.724,-0.405,-0.275
4.726,-0.385,-0.275
4.728,-0.300,-0.270
4.730,-0.320,-0.255
4.732,-0.340,-0.240
4.734,-0.335,-0.215
4.736,-0.365,-0.185
4.738,-0.380,-0.155
4.740,-0.345,-0.125
4.742,-0.325,-0.100
4.744,-0.240,-0.080
4.746,-0.210,-0.070
4.748,-0.115,-0.065
4.750,-0.120,-0.060
4.752,-0.130,-0.065
4.754,-0.230,-0.065
4.756,-0.285,-0.065
4.758,-0.295,-0.060
4.760,-0.275,-0.055
4.762,-0.205,-0.045
4.764,-0.170,-0.035
4.766,-0.150,-0.030
4.768,-0.145,-0.025
4.770,-0.130,-0.025
4.772,-0.165,-0.030
4.774,-0.220,-0.035
4.776,-0.285,-0.040
4.778,-0.305,-0.045
4.780,-0.240,-0.050
4.782,-0.240,-0.050
4.784,-0.165,-0.045
4.786,-0.115,-0.040
4.788,-0.070,-0.035
4.790,-0.070,-0.030
4.792,-0.180,-0.025
4.794,-0.190,-0.020
4.796,-0.260,-0.020
4.798,-0.260,-0.020
4.800,-0.270,-0.020
4.802,-0.235,-0.020
4.804,-0.160,-0.020
4.806,-0.110,-0.020
4.808,-0.120,-0.015
4.810,-0.075,-0.015
4.812,-0.125,-0.010
4.814,-0.190,-0.010
4.816,-0.255,-0.010
4.818,-0.260,-0.010
4.820,-0.215,-0.010
4.822,-0.200,-0.015
4.824,-0.175,-0.015
4.826,-0.140,-0.020
4.828,-0.120,-0.020
4.830,-0.090,-0.015
4.832,-0.155,-0.010
4.834,-0.210,-0.005
4.836,-0.175,0.000
4.838,-0.230,0.005
4.840,-0.235,0.010
4.842,-0.185,0.015
4.844,-0.085,0.015
4.846,-0.065,0.015
4.848,-0.080,0.010
4.850,-0.065,0.010
4.852,-0.150,0.005
4.854,-0.240,0.005
4.856,-0.180,0.005
4.858,-0.240,0.005
4.860,-0.220,0.005
4.862,-0.190,0.005
4.864,-0.080,0.010
4.866,-0.080,0.015
4.868,-0.050,0.020
4.870,-0.040,0.025
4.872,-0.100,0.035
4.874,-0.130,0.040
4.876,-0.200,0.040
4.878,-0.185,0.045
4.880,-0.205,0.040
4.882,-0.160,0.040
4.884,-0.130,0.040
4.886,-0.060,0.035
4.888,-0.025,0.035
4.890,-0.010,0.040
4.892,-0.090,0.045
4.894,-0.135,0.055
4.896,-0.120,0.065
4.898,-0.150,0.080
4.900,-0.140,0.090
4.902,-0.065,0.100
4.904,0.040,0.105
4.906,0.025,0.110
4.908,-0.035,0.110
4.910,0.010,0.110
4.912,-0.040,0.110
4.914,-0.055,0.110
4.916,-0.070,0.115
4.918,-0.105,0.115
4.920,-0.085,0.120
4.922,-0.030,0.130
4.924,0.025,0.140
4.926,0.085,0.150
4.928,0.150,0.160
4.930,0.065,0.170
4.932,0.025,0.175
4.934,-0.085,0.185
4.936,-0.015,0.185
4.938,-0.040,0.190
4.940,-0.060,0.190
4.942,0.055,0.185
4.944,0.070,0.185
4.946,0.055,0.180
4.948,0.060,0.175
4.950,0.075,0.175
4.952,0.080,0.170
4.954,-0.010,0.165
4.956,-0.055,0.160
4.958,-0.120,0.155
4.960,-0.095,0.150
4.962,-0.010,0.140
4.964,-0.005,0.130
4.966,0.040,0.120
4.968,0.000,0.110
4.970,0.015,0.100
4.972,-0.005,0.085
4.974,-0.090,0.075
4.976,-0.210,0.065
4.978,-0.205,0.055
4.980,-0.160,0.045
4.982,-0.095,0.040
4.984,-0.070,0.035
4.986,-0.060,0.030
4.988,-0.065,0.025
4.990,-0.090,0.025
4.992,-0.140,0.020
4.994,-0.220,0.015
4.996,-0.270,0.010
4.998,-0.215,0.000
5.000,-0.190,-0.010
5.002,-0.180,-0.020
5.004,-0.170,-0.030
5.006,-0.120,-0.040
5.008,-0.120,-0.045
5.010,-0.120,-0.050
5.012,-0.210,-0.045
5.014,-0.300,-0.040
5.016,-0.300,-0.030
5.018,-0.215,-0.025
5.020,-0.200,-0.015
5.022,-0.165,-0.010
5.024,-0.110,-0.010
5.026,-0.075,-0.015
5.028,-0.070,-0.020
5.030,-0.160,-0.025
5.032,-0.235,-0.030
5.034,-0.275,-0.035
5.036,-0.265,-0.040
5.038,-0.270,-0.040
5.040,-0.215,-0.045
5.042,-0.140,-0.045
5.044,-0.115,-0.045
5.046,-0.170,-0.045
5.048,-0.140,-0.050
5.050,-0.155,-0.055
5.052,-0.190,-0.055
5.054,-0.285,-0.060
5.056,-0.300,-0.060
5.058,-0.300,-0.060
5.060,-0.240,-0.060
5.062,-0.170,-0.060
5.064,-0.145,-0.060
5.066,-0.140,-0.060
5.068,-0.150,-0.060
5.070,-0.175,-0.065
5.072,-0.250,-0.065
5.074,-0.285,-0.060
5.076,-0.265,-0.055
5.078,-0.275,-0.050
5.080,-0.210,-0.035
5.082,-0.115,-0.025
5.084,-0.100,-0.010
5.086,-0.115,0.000
5.088,-0.085,0.005
5.090,-0.125,0.005
5.092,-0.205,0.000
5.094,-0.265,-0.010
5.096,-0.285,-0.025
5.098,-0.280,-0.040
5.100,-0.255,-0.050
5.102,-0.170,-0.060
5.104,-0.150,-0.060
5.106,-0.115,-0.060
5.108,-0.095,-0.050
5.110,-0.140,-0.035
5.112,-0.255,-0.025
5.114,-0.255,-0.010
5.116,-0.220,-0.005
5.118,-0.210,0.000
5.120,-0.230,-0.005
5.122,-0.150,-0.020
5.124,-0.105,-0.030
5.126,-0.115,-0.050
5.128,-0.120,-0.060
5.130,-0.240,-0.070
5.132,-0.275,-0.070
5.134,-0.265,-0.065
5.136,-0.255,-0.055
5.138,-0.250,-0.040
5.140,-0.200,-0.020
5.142,-0.105,-0.005
5.144,-0.050,0.010
5.146,-0.055,0.015
5.148,-0.100,0.015
5.150,-0.125,0.015
5.152,-0.195,0.005
5.154,-0.215,0.000
5.156,-0.260,-0.010
5.158,-0.250,-0.015
5.160,-0.165,-0.015
5.162,-0.140,-0.015
5.164,-0.100,-0.015
5.166,-0.100,-0.010
5.168,-0.085,-0.010
5.170,-0.140,-0.005
5.172,-0.180,-0.005
5.174,-0.215,0.000
5.176,-0.285,0.000
5.178,-0.225,0.000
5.180,-0.155,0.000
5.182,-0.120,0.000
5.184,-0.080,-0.005
5.186,-0.095,-0.005
5.188,-0.110,-0.005
5.190,-0.135,-0.010
5.192,-0.190,-0.010
5.194,-0.245,-0.015
5.196,-0.250,-0.015
5.198,-0.250,-0.015
5.200,-0.195,-0.015
5.202,-0.110,-0.010
5.204,-0.075,-0.010
5.206,-0.085,-0.010
5.208,-0.100,-0.015
5.210,-0.180,-0.015
5.212,-0.240,-0.020
5.214,-0.250,-0.025
5.216,-0.240,-0.030
5.218,-0.265,-0.030
5.220,-0.185,-0.030
5.222,-0.165,-0.030
5.224,-0.055,-0.025
5.226,-0.050,-0.020
5.228,-0.105,-0.015
5.230,-0.185,-0.005
5.232,-0.235,0.000
5.234,-0.235,0.000
5.236,-0.220,0.000
5.238,-0.185,0.000
5.240,-0.120,0.000
5.242,-0.080,-0.005
5.244,-0.095,-0.010
5.246,-0.145,-0.020
5.248,-0.155,-0.025
5.250,-0.235,-0.030
5.252,-0.245,-0.030
5.254,-0.250,-0.035
5.256,-0.235,-0.030
5.258,-0.240,-0.030
5.260,-0.200,-0.025
5.262,-0.105,-0.015
5.264,-0.095,-0.010
5.266,-0.135,0.000
5.268,-0.090,0.005
5.270,-0.145,0.005
5.272,-0.225,0.005
5.274,-0.245,0.000
5.276,-0.240,-0.005
5.278,-0.225,-0.010
5.280,-0.160,-0.015
5.282,-0.120,-0.020
5.284,-0.145,-0.025
5.286,-0.090,-0.025
5.288,-0.125,-0.025
5.290,-0.205,-0.025
5.292,-0.215,-0.025
5.294,-0.270,-0.025
5.296,-0.275,-0.025
5.298,-0.230,-0.030
5.300,-0.185,-0.035
5.302,-0.130,-0.035
5.304,-0.120,-0.040
5.306,-0.110,-0.040
5.308,-0.120,-0.040
5.310,-0.195,-0.040
5.312,-0.215,-0.035
5.314,-0.245,-0.030
5.316,-0.240,-0.020
5.318,-0.205,-0.015
5.320,-0.125,-0.015
5.322,-0.095,-0.015
5.324,-0.130,-0.015
5.326,-0.110,-0.020
5.328,-0.100,-0.025
5.330,-0.235,-0.025
5.332,-0.220,-0.025
5.334,-0.250,-0.025
5.336,-0.235,-0.025
5.338,-0.190,-0.015
5.340,-0.140,-0.010
5.342,-0.015,0.000
5.344,-0.070,0.005
5.346,-0.075,0.005
5.348,-0.140,0.005
5.350,-0.210,0.000
5.352,-0.230,-0.005
5.354,-0.270,-0.015
5.356,-0.280,-0.025
5.358,-0.230,-0.035
5.360,-0.125,-0.045
5.362,-0.130,-0.050
5.364,-0.150,-0.050
5.366,-0.140,-0.050
5.368,-0.110,-0.045
5.370,-0.245,-0.035
5.372,-0.265,-0.030
5.374,-0.220,-0.020
5.376,-0.200,-0.015
5.378,-0.170,-0.015
5.380,-0.155,-0.010
5.382,-0.120,-0.015
5.384,-0.110,-0.020
5.386,-0.140,-0.025
5.388,-0.165,-0.030
5.390,-0.225,-0.035
5.392,-0.250,-0.040
5.394,-0.235,-0.040
5.396,-0.230,-0.035
5.398,-0.185,-0.030
5.400,-0.085,-0.020
5.402,-0.105,-0.010
5.404,-0.095,0.000
5.406,-0.140,0.010
5.408,-0.110,0.015
5.410,-0.185,0.015
5.412,-0.230,0.010
5.414,-0.230,0.005
5.416,-0.215,-0.005
5.418,-0.170,-0.010
5.420,-0.145,-0.015
5.422,-0.105,-0.020
5.424,-0.040,-0.020
5.426,-0.090,-0.015
5.428,-0.155,-0.010
5.430,-0.260,0.000
5.432,-0.240,0.005
5.434,-0.215,0.010
5.436,-0.200,0.015
5.438,-0.105,0.020
5.440,-0.005,0.020
5.442,-0.055,0.020
5.444,-0.065,0.020
5.446,-0.085,0.020
5.448,-0.125,0.020
5.450,-0.190,0.020
5.452,-0.245,0.020
5.454,-0.250,0.020
5.456,-0.215,0.015
5.458,-0.150,0.015
5.460,-0.105,0.015
5.462,-0.095,0.015
5.464,-0.035,0.015
5.466,-0.025,0.020
5.468,-0.095,0.025
5.470,-0.195,0.030
5.472,-0.155,0.030
5.474,-0.225,0.030
5.476,-0.230,0.025
5.478,-0.155,0.015
5.480,-0.120,0.005
5.482,-0.110,-0.005
5.484,-0.070,-0.010
5.486,-0.100,-0.015
5.488,-0.115,-0.015
5.490,-0.200,-0.010
5.492,-0.190,-0.005
5.494,-0.190,0.000
5.496,-0.240,0.000
5.498,-0.195,-0.005
5.500,-0.135,-0.020
5.502,-0.155,-0.030
5.504,-0.125,-0.045
5.506,-0.120,-0.055
5.508,-0.170,-0.060
5.510,-0.225,-0.060
5.512,-0.235,-0.050
5.514,-0.270,-0.035
5.516,-0.215,-0.015
5.518,-0.170,0.000
5.520,-0.120,0.010
5.522,-0.095,0.010
5.524,-0.080,0.005
5.526,-0.130,-0.005
5.528,-0.180,-0.025
5.530,-0.250,-0.040
5.532,-0.250,-0.055
5.534,-0.295,-0.060
5.536,-0.295,-0.065
5.538,-0.200,-0.060
5.540,-0.090,-0.050
5.542,-0.115,-0.040
5.544,-0.100,-0.030
5.546,-0.150,-0.030
5.548,-0.220,-0.035
5.550,-0.240,-0.045
5.552,-0.290,-0.055
5.554,-0.310,-0.070
5.556,-0.255,-0.075
5.558,-0.225,-0.070
5.560,-0.140,-0.050
5.562,-0.085,-0.015
5.564,-0.055,0.035
5.566,0.065,0.100
5.568,-0.010,0.170
5.570,0.050,0.240
5.572,0.065,0.300
5.574,0.190,0.345
5.576,0.240,0.375
5.578,0.305,0.380
5.580,0.295,0.365
5.582,0.255,0.330
5.584,0.125,0.280
5.586,0.060,0.215
5.588,-0.040,0.145
5.590,-0.140,0.070
5.592,-0.190,-0.005
5.594,-0.335,-0.075
5.596,-0.365,-0.140
5.598,-0.350,-0.190
5.600,-0.340,-0.230
5.602,-0.400,-0.260
5.604,-0.370,-0.270
5.606,-0.345,-0.265
5.608,-0.340,-0.250
5.610,-0.400,-0.230
5.612,-0.425,-0.200
5.614,-0.390,-0.165
5.616,-0.335,-0.140
5.618,-0.205,-0.115
5.620,-0.150,-0.095
5.622,-0.155,-0.085
5.624,-0.145,-0.075
5.626,-0.155,-0.070
5.628,-0.205,-0.065
5.630,-0.260,-0.060
5.632,-0.285,-0.050
5.634,-0.245,-0.045
5.636,-0.195,-0.035
5.638,-0.125,-0.025
5.640,-0.105,-0.020
5.642,-0.070,-0.015
5.644,-0.060,-0.015
5.646,-0.140,-0.020
5.648,-0.240,-0.030
5.650,-0.250,-0.035
5.652,-0.260,-0.035
5.654,-0.210,-0.030
5.656,-0.195,-0.025
5.658,-0.110,-0.010
5.660,-0.080,0.005
5.662,-0.040,0.025
5.664,-0.080,0.035
5.666,-0.060,0.045
5.668,-0.100,0.045
5.670,-0.090,0.040
5.672,-0.145,0.025
5.674,-0.290,0.005
5.676,-0.255,-0.015
5.678,-0.135,-0.030
5.680,-0.060,-0.040
5.682,-0.100,-0.045
5.684,-0.100,-0.040
5.686,-0.140,-0.025
5.688,-0.175,-0.010
5.690,-0.180,0.010
5.692,-0.160,0.020
5.694,-0.175,0.030
5.696,-0.165,0.030
5.698,-0.135,0.020
5.700,-0.110,0.010
5.702,-0.085,0.000
5.704,-0.065,-0.005
5.706,-0.145,-0.010
5.708,-0.170,-0.010
5.710,-0.215,0.000
5.712,-0.185,0.010
5.714,-0.160,0.020
5.716,-0.135,0.035
5.718,-0.070,0.040
5.720,-0.050,0.045
5.722,-0.060,0.045
5.724,-0.095,0.045
5.726,-0.095,0.040
5.728,-0.120,0.035
5.730,-0.115,0.035
5.732,-0.165,0.030
5.734,-0.195,0.030
5.736,-0.120,0.035
5.738,-0.095,0.035
5.740,-0.070,0.035
5.742,-0.055,0.030
5.744,-0.080,0.030
5.746,-0.095,0.035
5.748,-0.100,0.040
5.750,-0.140,0.045
5.752,-0.155,0.055
5.754,-0.175,0.065
5.756,-0.085,0.075
5.758,-0.020,0.080
5.760,0.005,0.080
5.762,-0.010,0.080
5.764,0.000,0.075
5.766,-0.065,0.065
5.768,-0.145,0.060
5.770,-0.195,0.055
5.772,-0.150,0.055
5.774,-0.105,0.060
5.776,-0.055,0.070
5.778,0.020,0.085
5.780,0.045,0.105
5.782,0.030,0.120
5.784,0.035,0.135
5.786,0.000,0.145
5.788,-0.010,0.150
5.790,-0.025,0.150
5.792,-0.040,0.150
5.794,-0.055,0.150
5.796,0.005,0.150
5.798,0.080,0.150
5.800,0.060,0.150
5.802,0.050,0.155
5.804,0.055,0.165
5.806,0.000,0.170
5.808,-0.040,0.175
5.810,0.000,0.180
5.812,0.000,0.185
5.814,0.030,0.190
5.816,0.055,0.190
5.818,0.105,0.195
5.820,0.115,0.200
5.822,0.105,0.200
5.824,0.130,0.200
5.826,0.070,0.195
5.828,-0.035,0.190
5.830,-0.065,0.180
5.832,-0.030,0.170
5.834,0.030,0.155
5.836,0.015,0.145
5.838,0.025,0.135
5.840,0.045,0.125
5.842,0.030,0.120
5.844,0.020,0.120
5.846,-0.020,0.115
5.848,-0.065,0.115
5.850,-0.060,0.110
5.852,-0.095,0.100
5.854,-0.110,0.090
5.856,-0.060,0.075
5.858,-0.070,0.060
5.860,-0.065,0.050
5.862,-0.060,0.035
5.864,-0.025,0.030
5.866,-0.090,0.025
5.868,-0.145,0.025
5.870,-0.195,0.025
5.872,-0.200,0.025
5.874,-0.200,0.025
5.876,-0.110,0.025
5.878,-0.060,0.020
5.880,-0.080,0.010
5.882,-0.105,0.000
5.884,-0.100,-0.010
5.886,-0.150,-0.025
5.888,-0.230,-0.035
5.890,-0.275,-0.040
5.892,-0.250,-0.040
5.894,-0.220,-0.040
5.896,-0.125,-0.040
5.898,-0.125,-0.035
5.900,-0.110,-0.030
5.902,-0.095,-0.025
5.904,-0.070,-0.020
5.906,-0.175,-0.020
5.908,-0.255,-0.020
5.910,-0.240,-0.020
5.912,-0.240,-0.025
5.914,-0.210,-0.025
5.916,-0.155,-0.030
5.918,-0.095,-0.035
5.920,-0.070,-0.035
5.922,-0.095,-0.040
5.924,-0.155,-0.040
5.926,-0.255,-0.040
5.928,-0.275,-0.045
5.930,-0.265,-0.050
5.932,-0.250,-0.055
5.934,-0.220,-0.055
5.936,-0.130,-0.060
5.938,-0.145,-0.060
5.940,-0.115,-0.060
5.942,-0.100,-0.050
5.944,-0.130,-0.040
5.946,-0.195,-0.030
5.948,-0.220,-0.025
5.950,-0.210,-0.015
5.952,-0.205,-0.015
5.954,-0.205,-0.020
5.956,-0.185,-0.025
5.958,-0.125,-0.035
5.960,-0.095,-0.045
5.962,-0.165,-0.055
5.964,-0.150,-0.055
5.966,-0.190,-0.055
5.968,-0.255,-0.050
5.970,-0.260,-0.040
5.972,-0.205,-0.025
5.974,-0.180,-0.020
5.976,-0.115,-0.010
5.978,-0.090,-0.010
5.980,-0.060,-0.015
5.982,-0.115,-0.020
5.984,-0.120,-0.030
5.986,-0.145,-0.035
5.988,-0.250,-0.040
5.990,-0.285,-0.040
5.992,-0.260,-0.040
5.994,-0.190,-0.035
5.996,-0.100,-0.035
5.998,-0.065,-0.030
6.000,-0.095,-0.025
6.002,-0.160,-0.025
6.004,-0.150,-0.025
6.006,-0.175,-0.025
6.008,-0.210,-0.025
6.010,-0.215,-0.025
6.012,-0.235,-0.020
6.014,-0.150,-0.015
6.016,-0.080,-0.010
6.018,-0.035,-0.005
6.020,-0.005,0.000
6.022,-0.100,0.005
6.024,-0.090,0.000
6.026,-0.220,0.000
6.028,-0.250,-0.010
6.030,-0.195,-0.015
6.032,-0.145,-0.020
6.034,-0.155,-0.025
6.036,-0.145,-0.025
6.038,-0.105,-0.025
6.040,-0.080,-0.025
6.042,-0.085,-0.020
6.044,-0.130,-0.015
6.046,-0.190,-0.010
6.048,-0.170,-0.015
6.050,-0.260,-0.015
6.052,-0.230,-0.025
6.054,-0.195,-0.030
6.056,-0.135,-0.040
6.058,-0.055,-0.045
6.060,-0.085,-0.045
6.062,-0.100,-0.045
6.064,-0.160,-0.040
6.066,-0.245,-0.030
6.068,-0.265,-0.025
6.070,-0.215,-0.020
6.072,-0.210,-0.015
6.074,-0.160,-0.015
6.076,-0.095,-0.020
6.078,-0.070,-0.025
6.080,-0.100,-0.025
6.082,-0.090,-0.030
6.084,-0.185,-0.030
6.086,-0.215,-0.025
6.088,-0.195,-0.020
6.090,-0.180,-0.015
6.092,-0.155,-0.010
6.094,-0.190,-0.010
6.096,-0.105,-0.010
6.098,-0.065,-0.015
6.100,-0.050,-0.020
6.102,-0.100,-0.025
6.104,-0.165,-0.030
6.106,-0.255,-0.030
6.108,-0.230,-0.035
6.110,-0.200,-0.035
6.112,-0.225,-0.030
6.114,-0.195,-0.030
6.116,-0.115,-0.030
6.118,-0.060,-0.030
6.120,-0.080,-0.030
6.122,-0.115,-0.035
6.124,-0.180,-0.040
6.126,-0.250,-0.045
6.128,-0.265,-0.045
6.130,-0.295,-0.050
6.132,-0.260,-0.050
6.134,-0.195,-0.045
6.136,-0.140,-0.045
6.138,-0.100,-0.040
6.140,-0.105,-0.035
6.142,-0.085,-0.035
6.144,-0.145,-0.030
6.146,-0.195,-0.030
6.148,-0.245,-0.035
6.150,-0.250,-0.035
6.152,-0.205,-0.040
6.154,-0.165,-0.040
6.156,-0.155,-0.045
6.158,-0.095,-0.040
6.160,-0.075,-0.040
6.162,-0.115,-0.040
6.164,-0.125,-0.035
6.166,-0.215,-0.030
6.168,-0.300,-0.030
6.170,-0.245,-0.030
6.172,-0.175,-0.030
6.174,-0.110,-0.035
6.176,-0.095,-0.035
6.178,-0.135,-0.040
6.180,-0.090,-0.040
6.182,-0.110,-0.045
6.184,-0.125,-0.040
6.186,-0.255,-0.040
6.188,-0.245,-0.040
6.190,-0.215,-0.040
6.192,-0.170,-0.040
6.194,-0.155,-0.040
6.196,-0.135,-0.045
6.198,-0.135,-0.045
6.200,-0.135,-0.050
6.202,-0.125,-0.050
6.204,-0.195,-0.050
6.206,-0.235,-0.050
6.208,-0.225,-0.045
6.210,-0.255,-0.040
6.212,-0.160,-0.030
6.214,-0.125,-0.025
6.216,-0.090,-0.020
6.218,-0.060,-0.020
6.220,-0.110,-0.020
6.222,-0.150,-0.020
6.224,-0.140,-0.025
6.226,-0.185,-0.030
6.228,-0.275,-0.035
6.230,-0.235,-0.035
6.232,-0.185,-0.035
6.234,-0.160,-0.035
6.236,-0.075,-0.030
6.238,-0.060,-0.025
6.240,-0.085,-0.015
6.242,-0.100,-0.010
6.244,-0.165,-0.010
6.246,-0.220,-0.010
6.248,-0.275,-0.015
6.250,-0.270,-0.025
6.252,-0.220,-0.035
6.254,-0.120,-0.045
6.256,-0.110,-0.055
6.258,-0.070,-0.060
6.260,-0.075,-0.055
6.262,-0.105,-0.050
6.264,-0.140,-0.035
6.266,-0.200,-0.015
6.268,-0.195,0.000
6.270,-0.165,0.015
6.272,-0.125,0.030
6.274,-0.085,0.035
6.276,-0.060,0.030
6.278,-0.020,0.025
6.280,-0.040,0.015
6.282,-0.075,0.000
6.284,-0.190,-0.010
6.286,-0.255,-0.015
6.288,-0.225,-0.015
6.290,-0.185,-0.010
6.292,-0.135,0.000
6.294,-0.055,0.010
6.296,-0.045,0.015
6.298,-0.040,0.020
6.300,-0.030,0.015
6.302,-0.095,0.010
6.304,-0.180,0.000
6.306,-0.250,-0.015
6.308,-0.280,-0.025
6.310,-0.230,-0.035
6.312,-0.190,-0.045
6.314,-0.130,-0.045
6.316,-0.090,-0.045
6.318,-0.065,-0.040
6.320,-0.115,-0.035
6.322,-0.140,-0.030
6.324,-0.155,-0.030
6.326,-0.205,-0.030
6.328,-0.250,-0.035
6.330,-0.235,-0.040
6.332,-0.230,-0.050
6.334,-0.145,-0.060
6.336,-0.115,-0.065
6.338,-0.120,-0.075
6.340,-0.135,-0.080
6.342,-0.195,-0.080
6.344,-0.255,-0.080
6.346,-0.275,-0.080
6.348,-0.265,-0.075
6.350,-0.215,-0.070
6.352,-0.210,-0.065
6.354,-0.125,-0.055
6.356,-0.070,-0.050
6.358,-0.080,-0.040
6.360,-0.140,-0.035
6.362,-0.145,-0.030
6.364,-0.210,-0.025
6.366,-0.190,-0.025
6.368,-0.245,-0.030
6.370,-0.240,-0.035
6.372,-0.195,-0.045
6.374,-0.150,-0.055
6.376,-0.125,-0.065
6.378,-0.155,-0.075
6.380,-0.155,-0.075
6.382,-0.195,-0.060
6.384,-0.210,-0.035
6.386,-0.165,0.005
6.388,-0.095,0.060
6.390,-0.020,0.125
6.392,0.095,0.195
6.394,0.210,0.265
6.396,0.325,0.320
6.398,0.370,0.355
6.400,0.305,0.365
6.402,0.230,0.350
6.404,0.095,0.305
6.406,-0.075,0.235
6.408,-0.080,0.150
6.410,-0.055,0.055
6.412,-0.110,-0.040
6.414,-0.175,-0.125
6.416,-0.320,-0.195
6.418,-0.385,-0.245
6.420,-0.385,-0.280
6.422,-0.435,-0.290
6.424,-0.445,-0.290
6.426,-0.445,-0.275
6.428,-0.430,-0.255
6.430,-0.415,-0.235
6.432,-0.310,-0.210
6.434,-0.250,-0.190
6.436,-0.210,-0.170
6.438,-0.195,-0.155
6.440,-0.160,-0.140
6.442,-0.205,-0.125
6.444,-0.280,-0.110
6.446,-0.285,-0.100
6.448,-0.270,-0.085
6.450,-0.270,-0.075
6.452,-0.210,-0.065
6.454,-0.095,-0.060
6.456,-0.085,-0.050
6.458,-0.075,-0.045
6.460,-0.125,-0.040
6.462,-0.180,-0.040
6.464,-0.200,-0.035
6.466,-0.215,-0.030
6.468,-0.170,-0.030
6.470,-0.205,-0.030
6.472,-0.150,-0.030
6.474,-0.085,-0.030
6.476,-0.030,-0.035
6.478,-0.095,-0.035
6.480,-0.085,-0.035
6.482,-0.170,-0.030
6.484,-0.220,-0.025
6.486,-0.220,-0.020
6.488,-0.195,-0.010
6.490,-0.110,0.000
6.492,-0.070,0.010
6.494,-0.070,0.015
6.496,-0.025,0.020
6.498,-0.025,0.020
6.500,-0.035,0.015
6.502,-0.140,0.010
6.504,-0.155,0.000
6.506,-0.130,-0.005
6.508,-0.245,-0.010
6.510,-0.225,-0.015
6.512,-0.105,-0.015
6.514,-0.075,-0.015
6.516,-0.050,-0.010
6.518,-0.090,-0.010
6.520,-0.075,-0.010
6.522,-0.135,-0.010
6.524,-0.195,-0.010
6.526,-0.190,-0.010
6.528,-0.195,-0.005
6.530,-0.155,0.005
6.532,-0.090,0.015
6.534,-0.005,0.030
6.536,-0.010,0.040
6.538,0.010,0.050
6.540,0.025,0.055
6.542,0.005,0.055
6.544,-0.100,0.050
6.546,-0.220,0.035
6.548,-0.255,0.020
6.550,-0.195,0.005
6.552,-0.095,-0.010
6.554,-0.060,-0.015
6.556,-0.050,-0.015
6.558,-0.065,-0.005
6.560,-0.025,0.005
6.562,-0.130,0.020
6.564,-0.195,0.035
6.566,-0.140,0.040
6.568,-0.120,0.045
6.570,-0.125,0.045
6.572,-0.085,0.045
6.574,-0.015,0.040
6.576,0.050,0.035
6.578,0.055,0.035
6.580,-0.010,0.040
6.582,-0.155,0.045
6.584,-0.190,0.050
6.586,-0.145,0.060
6.588,-0.065,0.065
6.590,-0.050,0.070
6.592,-0.055,0.070
6.594,-0.015,0.070
6.596,0.040,0.075
6.598,0.015,0.075
6.600,-0.025,0.080
6.602,-0.055,0.090
6.604,-0.075,0.100
6.606,-0.030,0.110
6.608,-0.055,0.120
6.610,0.010,0.125
6.612,0.065,0.130
6.614,0.080,0.135
6.616,0.095,0.140
6.618,0.050,0.145
6.620,0.045,0.155
6.622,0.055,0.165
6.624,0.005,0.175
6.626,-0.015,0.190
6.628,0.015,0.200
6.630,0.115,0.210
6.632,0.140,0.215
6.634,0.155,0.215
6.636,0.140,0.210
6.638,0.140,0.200
6.640,0.060,0.195
6.642,0.030,0.185
6.644,0.005,0.185
6.646,0.025,0.185
6.648,0.010,0.185
6.650,0.030,0.190
6.652,0.160,0.195
6.654,0.190,0.195
6.656,0.125,0.195
6.658,0.090,0.185
6.660,0.045,0.175
6.662,-0.030,0.160
6.664,-0.075,0.145
6.666,-0.065,0.130
6.668,-0.030,0.115
6.670,-0.010,0.100
6.672,-0.005,0.090
6.674,0.035,0.080
6.676,0.035,0.070
6.678,0.020,0.060
6.680,-0.070,0.050
6.682,-0.150,0.045
6.684,-0.215,0.035
6.686,-0.170,0.025
6.688,-0.125,0.020
6.690,-0.075,0.015
6.692,-0.055,0.010
6.694,-0.040,0.005
6.696,-0.070,0.000
6.698,-0.090,0.000
6.700,-0.125,-0.005
6.702,-0.175,-0.010
6.704,-0.195,-0.010
6.706,-0.220,-0.015
6.708,-0.165,-0.020
6.710,-0.140,-0.020
6.712,-0.125,-0.025
6.714,-0.075,-0.030
6.716,-0.055,-0.030
6.718,-0.085,-0.030
6.720,-0.115,-0.025
6.722,-0.180,-0.020
6.724,-0.210,-0.015
6.726,-0.180,-0.010
6.728,-0.165,-0.005
6.730,-0.140,0.000
6.732,-0.095,0.000
6.734,-0.050,-0.005
6.736,-0.035,-0.010
6.738,-0.040,-0.020
6.740,-0.100,-0.030
6.742,-0.225,-0.035
6.744,-0.265,-0.045
6.746,-0.260,-0.055
6.748,-0.235,-0.060
6.750,-0.135,-0.065
6.752,-0.145,-0.065
6.754,-0.090,-0.065
6.756,-0.100,-0.070
6.758,-0.120,-0.065
6.760,-0.210,-0.065
6.762,-0.260,-0.060
6.764,-0.240,-0.050
6.766,-0.215,-0.045
6.768,-0.185,-0.035
6.770,-0.125,-0.030
6.772,-0.080,-0.025
6.774,-0.065,-0.025
6.776,-0.075,-0.025
6.778,-0.105,-0.025
6.780,-0.170,-0.025
6.782,-0.230,-0.030
6.784,-0.245,-0.025
6.786,-0.195,-0.025
6.788,-0.150,-0.015
6.790,-0.100,-0.010
6.792,-0.040,0.000
6.794,0.035,0.010
6.796,-0.045,0.015
6.798,-0.095,0.015
6.800,-0.175,0.015
6.802,-0.160,0.010
6.804,-0.215,0.000
6.806,-0.190,-0.005
6.808,-0.200,-0.010
6.810,-0.090,-0.015
6.812,-0.085,-0.020
6.814,-0.015,-0.020
6.816,-0.005,-0.025
6.818,-0.085,-0.025
6.820,-0.195,-0.030
6.822,-0.250,-0.035
6.824,-0.270,-0.045
6.826,-0.190,-0.050
6.828,-0.210,-0.055
6.830,-0.130,-0.055
6.832,-0.055,-0.050
6.834,-0.065,-0.045
6.836,-0.075,-0.030
6.838,-0.085,-0.020
6.840,-0.120,-0.010
6.842,-0.180,0.000
6.844,-0.200,0.010
6.846,-0.155,0.010
6.848,-0.165,0.010
6.850,-0.055,0.010
6.852,-0.015,0.010
6.854,0.020,0.005
6.856,-0.070,0.005
6.858,-0.135,0.005
6.860,-0.160,0.005
6.862,-0.135,0.010
6.864,-0.165,0.010
6.866,-0.135,0.010
6.868,-0.150,0.005
6.870,-0.115,0.005
6.872,-0.035,0.000
6.874,-0.015,-0.010
6.876,-0.075,-0.010
6.878,-0.145,-0.015
6.880,-0.135,-0.020
6.882,-0.170,-0.020
6.884,-0.155,-0.020
6.886,-0.260,-0.020
6.888,-0.150,-0.020
6.890,-0.065,-0.020
6.892,-0.055,-0.020
6.894,-0.035,-0.020
6.896,-0.075,-0.020
6.898,-0.125,-0.015
6.900,-0.200,-0.010
6.902,-0.215,-0.005
6.904,-0.160,0.000
6.906,-0.145,0.000
6.908,-0.110,0.000
6.910,-0.040,0.000
6.912,-0.055,-0.005
6.914,-0.055,-0.010
6.916,-0.095,-0.010
6.918,-0.135,-0.015
6.920,-0.180,-0.015
6.922,-0.185,-0.015
6.924,-0.210,-0.015
6.926,-0.140,-0.010
6.928,-0.125,-0.005
6.930,-0.090,-0.005
6.932,-0.055,0.000
6.934,-0.040,0.000
6.936,-0.025,-0.005
6.938,-0.080,-0.005
6.940,-0.190,-0.010
6.942,-0.235,-0.020
6.944,-0.240,-0.025
6.946,-0.175,-0.030
6.948,-0.155,-0.040
6.950,-0.100,-0.045
6.952,-0.095,-0.055
6.954,-0.075,-0.055
6.956,-0.095,-0.055
6.958,-0.135,-0.055
6.960,-0.175,-0.050
6.962,-0.255,-0.040
6.964,-0.210,-0.030
6.966,-0.160,-0.025
6.968,-0.105,-0.020
6.970,-0.120,-0.025
6.972,-0.095,-0.030
6.974,-0.070,-0.035
6.976,-0.145,-0.045
6.978,-0.145,-0.055
6.980,-0.150,-0.060
6.982,-0.255,-0.060
6.984,-0.230,-0.060
6.986,-0.215,-0.050
6.988,-0.130,-0.045
6.990,-0.075,-0.035
6.992,-0.065,-0.025
6.994,-0.080,-0.020
6.996,-0.100,-0.015
6.998,-0.135,-0.015
7.000,-0.165,-0.015
7.002,-0.175,-0.020
7.004,-0.205,-0.020
7.006,-0.190,-0.020
7.008,-0.140,-0.020
7.010,-0.105,-0.020
7.012,-0.040,-0.015
7.014,-0.050,-0.015
7.016,-0.100,-0.015
7.018,-0.170,-0.015
7.020,-0.205,-0.025
7.022,-0.195,-0.030
7.024,-0.185,-0.035
7.026,-0.185,-0.045
7.028,-0.155,-0.050
7.030,-0.090,-0.050
7.032,-0.090,-0.050
7.034,-0.100,-0.045
7.036,-0.115,-0.045
7.038,-0.160,-0.040
7.040,-0.195,-0.035
7.042,-0.215,-0.030
7.044,-0.235,-0.025
7.046,-0.180,-0.025
7.048,-0.100,-0.025
7.050,-0.045,-0.025
7.052,0.015,-0.025
7.054,-0.060,-0.025
7.056,-0.135,-0.025
7.058,-0.220,-0.020
7.060,-0.205,-0.020
7.062,-0.210,-0.020
7.064,-0.200,-0.020
7.066,-0.170,-0.015
7.068,-0.070,-0.015
7.070,-0.070,-0.010
7.072,-0.035,-0.005
7.074,-0.005,0.005
7.076,-0.065,0.010
7.078,-0.105,0.020
7.080,-0.165,0.025
7.082,-0.160,0.025
7.084,-0.190,0.025
7.086,-0.125,0.015
7.088,-0.070,0.005
7.090,-0.090,-0.005
7.092,-0.040,-0.010
7.094,-0.030,-0.020
7.096,-0.090,-0.020
7.098,-0.155,-0.015
7.100,-0.180,-0.005
7.102,-0.180,0.010
7.104,-0.135,0.020
7.106,-0.120,0.030
7.108,-0.070,0.035
7.110,-0.055,0.030
7.112,-0.040,0.025
7.114,-0.030,0.015
7.116,-0.045,0.005
7.118,-0.115,-0.005
7.120,-0.195,-0.015
7.122,-0.200,-0.020
7.124,-0.190,-0.025
7.126,-0.145,-0.025
7.128,-0.095,-0.025
7.130,-0.080,-0.025
7.132,-0.080,-0.025
7.134,-0.090,-0.025
7.136,-0.100,-0.030
7.138,-0.170,-0.030
7.140,-0.235,-0.030
7.142,-0.215,-0.025
7.144,-0.200,-0.025
7.146,-0.145,-0.020
7.148,-0.060,-0.015
7.150,-0.055,-0.015
7.152,-0.075,-0.020
7.154,-0.115,-0.025
7.156,-0.095,-0.030
7.158,-0.235,-0.040
7.160,-0.235,-0.050
7.162,-0.215,-0.060
7.164,-0.235,-0.065
7.166,-0.175,-0.065
7.168,-0.090,-0.065
7.170,-0.095,-0.060
7.172,-0.095,-0.060
7.174,-0.105,-0.055
7.176,-0.150,-0.055
7.178,-0.230,-0.055
7.180,-0.235,-0.060
7.182,-0.220,-0.065
7.184,-0.245,-0.075
7.186,-0.185,-0.085
7.188,-0.145,-0.095
7.190,-0.160,-0.100
7.192,-0.145,-0.105
7.194,-0.135,-0.100
7.196,-0.200,-0.090
7.198,-0.245,-0.070
7.200,-0.235,-0.030
7.202,-0.190,0.015
7.204,-0.060,0.080
7.206,0.070,0.145
7.208,0.230,0.215
7.210,0.280,0.285
7.212,0.300,0.335
7.214,0.340,0.375
7.216,0.345,0.385
7.218,0.265,0.370
7.220,0.115,0.335
7.222,-0.015,0.270
7.224,-0.025,0.195
7.226,-0.015,0.110
7.228,-0.020,0.020
7.230,-0.080,-0.060
7.232,-0.190,-0.130
7.234,-0.305,-0.185
7.236,-0.405,-0.225
7.238,-0.420,-0.250
7.240,-0.440,-0.260
7.242,-0.435,-0.260
7.244,-0.400,-0.250
7.246,-0.305,-0.235
7.248,-0.260,-0.220
7.250,-0.205,-0.200
7.252,-0.205,-0.180
7.254,-0.250,-0.160
7.256,-0.250,-0.135
7.258,-0.270,-0.115
7.260,-0.295,-0.095
7.262,-0.230,-0.075
7.264,-0.180,-0.060
7.266,-0.140,-0.045
7.268,-0.070,-0.030
7.270,-0.025,-0.020
7.272,-0.100,-0.010
7.274,-0.035,-0.010
7.276,-0.165,-0.010
7.278,-0.220,-0.010
7.280,-0.220,-0.015
7.282,-0.235,-0.025
7.284,-0.155,-0.035
7.286,-0.145,-0.045
7.288,-0.070,-0.050
7.290,-0.090,-0.055
7.292,-0.080,-0.055
7.294,-0.120,-0.050
7.296,-0.160,-0.040
7.298,-0.195,-0.030
7.300,-0.175,-0.020
7.302,-0.150,-0.010
7.304,-0.185,-0.005
7.306,-0.090,0.000
7.308,-0.065,-0.005
7.310,-0.050,-0.005
7.312,-0.040,-0.010
7.314,-0.095,-0.010
7.316,-0.120,-0.005
7.318,-0.200,0.005
7.320,-0.150,0.010
7.322,-0.130,0.020
7.324,-0.125,0.030
7.326,-0.110,0.035
7.328,-0.015,0.030
7.330,0.040,0.025
7.332,-0.060,0.015
7.334,-0.075,0.000
7.336,-0.095,-0.010
7.338,-0.210,-0.015
7.340,-0.215,-0.015
7.342,-0.160,-0.010
7.344,-0.160,0.000
7.346,-0.075,0.010
7.348,-0.070,0.025
7.350,-0.015,0.030
7.352,-0.025,0.035
7.354,-0.050,0.035
7.356,-0.060,0.025
7.358,-0.160,0.020
7.360,-0.250,0.010
7.362,-0.175,0.005
7.364,-0.160,0.005
7.366,-0.055,0.010
7.368,-0.010,0.015
7.370,0.005,0.025
7.372,-0.050,0.030
7.374,-0.070,0.040
7.376,-0.125,0.045
7.378,-0.145,0.045
7.380,-0.085,0.045
7.382,-0.135,0.050
7.384,-0.095,0.050
7.386,0.025,0.055
7.388,0.015,0.060
7.390,0.040,0.065
7.392,-0.050,0.070
7.394,-0.030,0.070
7.396,-0.090,0.070
7.398,-0.105,0.070
7.400,-0.100,0.065
7.402,-0.095,0.060
7.404,-0.080,0.060
7.406,-0.025,0.055
7.408,0.010,0.060
7.410,0.020,0.065
7.412,0.040,0.070
7.414,0.020,0.080
7.416,-0.065,0.090
7.418,-0.085,0.095
7.420,-0.070,0.105
7.422,-0.050,0.110
7.424,-0.025,0.115
7.426,0.020,0.120
7.428,0.095,0.125
7.430,0.115,0.130
7.432,0.085,0.140
7.434,0.055,0.145
7.436,0.000,0.155
7.438,-0.040,0.160
7.440,-0.075,0.165
7.442,0.030,0.170
7.444,0.025,0.170
7.446,0.095,0.175
7.448,0.155,0.180
7.450,0.195,0.185
7.452,0.145,0.190
7.454,0.050,0.195
7.456,0.015,0.205
7.458,0.045,0.205
7.460,0.005,0.210
7.462,0.045,0.205
7.464,0.105,0.200
7.466,0.100,0.190
7.468,0.100,0.180
7.470,0.135,0.175
7.472,0.125,0.165
7.474,0.075,0.155
7.476,-0.015,0.150
7.478,-0.065,0.145
7.480,-0.100,0.135
7.482,-0.110,0.125
7.484,0.015,0.115
7.486,0.015,0.100
7.488,0.025,0.085
7.490,0.015,0.075
7.492,0.005,0.065
7.494,-0.040,0.060
7.496,-0.095,0.055
7.498,-0.130,0.055
7.500,-0.145,0.060
7.502,-0.100,0.055
7.504,-0.085,0.050
7.506,-0.065,0.040
7.508,-0.055,0.025
7.510,-0.085,0.005
7.512,-0.080,-0.010
7.514,-0.150,-0.020
7.516,-0.170,-0.025
7.518,-0.200,-0.030
7.520,-0.185,-0.025
7.522,-0.210,-0.015
7.524,-0.140,-0.010
7.526,-0.070,-0.010
7.528,-0.020,-0.015
7.530,-0.060,-0.020
7.532,-0.165,-0.035
7.534,-0.195,-0.050
7.536,-0.205,-0.060
7.538,-0.215,-0.065
7.540,-0.260,-0.065
7.542,-0.255,-0.065
7.544,-0.190,-0.055
7.546,-0.090,-0.045
7.548,-0.075,-0.040
7.550,-0.125,-0.035
7.552,-0.150,-0.040
7.554,-0.230,-0.045
7.556,-0.225,-0.055
7.558,-0.220,-0.065
7.560,-0.240,-0.070
7.562,-0.245,-0.075
7.564,-0.175,-0.070
7.566,-0.120,-0.060
7.568,-0.075,-0.045
7.570,-0.090,-0.030
7.572,-0.130,-0.020
7.574,-0.180,-0.010
7.576,-0.235,-0.010
7.578,-0.250,-0.010
7.580,-0.250,-0.015
7.582,-0.205,-0.025
7.584,-0.115,-0.030
7.586,-0.055,-0.035
7.588,-0.020,-0.035
7.590,-0.105,-0.040
7.592,-0.130,-0.040
7.594,-0.215,-0.040
7.596,-0.285,-0.045
7.598,-0.250,-0.050
7.600,-0.265,-0.055
7.602,-0.245,-0.055
7.604,-0.190,-0.060
7.606,-0.115,-0.060
7.608,-0.100,-0.060
7.610,-0.105,-0.055
7.612,-0.125,-0.050
7.614,-0.195,-0.045
7.616,-0.225,-0.040
7.618,-0.220,-0.035
7.620,-0.200,-0.035
7.622,-0.180,-0.035
7.624,-0.190,-0.035
7.626,-0.125,-0.035
7.628,-0.055,-0.030
7.630,-0.075,-0.030
7.632,-0.090,-0.025
7.634,-0.180,-0.020
7.636,-0.240,-0.015
7.638,-0.225,-0.015
7.640,-0.170,-0.015
7.642,-0.180,-0.015
7.644,-0.140,-0.020
7.646,-0.085,-0.025
7.648,-0.090,-0.025
7.650,-0.095,-0.030
7.652,-0.135,-0.035
7.654,-0.195,-0.035
7.656,-0.250,-0.040
7.658,-0.260,-0.040
7.660,-0.250,-0.045
7.662,-0.200,-0.045
7.664,-0.125,-0.045
7.666,-0.115,-0.045
7.668,-0.100,-0.045
7.670,-0.080,-0.040
7.672,-0.150,-0.035
7.674,-0.190,-0.030
7.676,-0.205,-0.020
7.678,-0.240,-0.015
7.680,-0.235,-0.010
7.682,-0.165,-0.010
7.684,-0.105,-0.010
7.686,-0.105,-0.015
7.688,-0.060,-0.015
7.690,-0.060,-0.020
7.692,-0.115,-0.020
7.694,-0.160,-0.020
7.696,-0.195,-0.020
7.698,-0.210,-0.015
7.700,-0.185,-0.010
7.702,-0.165,-0.005
7.704,-0.105,-0.005
7.706,-0.085,-0.010
7.708,-0.090,-0.015
7.710,-0.130,-0.020
7.712,-0.150,-0.030
7.714,-0.225,-0.035
7.716,-0.250,-0.040
7.718,-0.255,-0.045
7.720,-0.230,-0.045
7.722,-0.190,-0.045
7.724,-0.120,-0.045
7.726,-0.120,-0.040
7.728,-0.075,-0.035
7.730,-0.105,-0.030
7.732,-0.150,-0.030
7.734,-0.220,-0.030
7.736,-0.260,-0.030
7.738,-0.245,-0.030
7.740,-0.190,-0.035
7.742,-0.185,-0.040
7.744,-0.160,-0.045
7.746,-0.075,-0.045
7.748,-0.110,-0.045
7.750,-0.115,-0.040
7.752,-0.155,-0.040
7.754,-0.230,-0.035
7.756,-0.280,-0.030
7.758,-0.225,-0.025
7.760,-0.210,-0.025
7.762,-0.145,-0.020
7.764,-0.105,-0.020
7.766,-0.105,-0.020
7.768,-0.085,-0.020
7.770,-0.125,-0.020
7.772,-0.165,-0.015
7.774,-0.160,-0.015
7.776,-0.185,-0.010
7.778,-0.205,-0.010
7.780,-0.190,-0.010
7.782,-0.185,-0.010
7.784,-0.165,-0.015
7.786,-0.100,-0.020
7.788,-0.095,-0.030
7.790,-0.130,-0.035
7.792,-0.185,-0.045
7.794,-0.245,-0.050
7.796,-0.255,-0.050
7.798,-0.245,-0.045
7.800,-0.240,-0.040
7.802,-0.115,-0.030
7.804,-0.110,-0.025
7.806,-0.115,-0.015
7.808,-0.140,-0.015
7.810,-0.120,-0.015
7.812,-0.170,-0.020
7.814,-0.220,-0.025
7.816,-0.265,-0.030
7.818,-0.255,-0.035
7.820,-0.185,-0.035
7.822,-0.165,-0.035
7.824,-0.145,-0.030
7.826,-0.075,-0.025
7.828,-0.095,-0.020
7.830,-0.145,-0.020
7.832,-0.200,-0.020
7.834,-0.235,-0.025
7.836,-0.255,-0.030
7.838,-0.250,-0.035
7.840,-0.180,-0.040
7.842,-0.175,-0.040
7.844,-0.090,-0.040
7.846,-0.120,-0.035
7.848,-0.135,-0.030
7.850,-0.115,-0.025
7.852,-0.175,-0.020
7.854,-0.190,-0.025
7.856,-0.230,-0.030
7.858,-0.260,-0.040
7.860,-0.290,-0.055
7.862,-0.220,-0.065
7.864,-0.165,-0.080
7.866,-0.120,-0.085
7.868,-0.145,-0.085
7.870,-0.140,-0.075
7.872,-0.195,-0.065
7.874,-0.235,-0.050
7.876,-0.170,-0.040
7.878,-0.305,-0.025
7.880,-0.245,-0.020
7.882,-0.145,-0.015
7.884,-0.110,-0.015
7.886,-0.080,-0.015
7.888,-0.125,-0.015
7.890,-0.115,-0.020
7.892,-0.135,-0.020
7.894,-0.190,-0.020
7.896,-0.270,-0.015
7.898,-0.250,-0.015
7.900,-0.195,-0.020
7.902,-0.115,-0.020
7.904,-0.060,-0.025
7.906,-0.095,-0.030
7.908,-0.140,-0.035
7.910,-0.170,-0.035
7.912,-0.200,-0.030
7.914,-0.250,-0.020
7.916,-0.210,-0.010
7.918,-0.205,0.000
7.920,-0.195,0.010
7.922,-0.095,0.020
7.924,-0.060,0.020
7.926,-0.075,0.020
7.928,-0.105,0.015
7.930,-0.100,0.005
7.932,-0.180,0.000
7.934,-0.245,-0.005
7.936,-0.235,-0.005
7.938,-0.175,-0.005
7.940,-0.160,-0.005
7.942,-0.080,-0.005
7.944,-0.105,-0.005
7.946,-0.130,-0.005
7.948,-0.125,-0.015
7.950,-0.135,-0.025
7.952,-0.205,-0.035
7.954,-0.275,-0.045
7.956,-0.275,-0.050
7.958,-0.235,-0.055
7.960,-0.230,-0.050
7.962,-0.145,-0.045
7.964,-0.085,-0.040
7.966,-0.110,-0.030
7.968,-0.150,-0.025
7.970,-0.225,-0.020
7.972,-0.205,-0.025
7.974,-0.255,-0.030
7.976,-0.275,-0.040
7.978,-0.275,-0.050
7.980,-0.225,-0.060
7.982,-0.170,-0.070
7.984,-0.170,-0.075
7.986,-0.190,-0.080
7.988,-0.185,-0.080
7.990,-0.200,-0.080
7.992,-0.235,-0.075
7.994,-0.280,-0.075
7.996,-0.280,-0.070
7.998,-0.250,-0.065
8.000,-0.210,-0.060
8.002,-0.150,-0.055
8.004,-0.155,-0.050
8.006,-0.115,-0.050
8.008,-0.165,-0.050
8.010,-0.210,-0.055
8.012,-0.260,-0.060
8.014,-0.335,-0.065
8.016,-0.270,-0.070
8.018,-0.295,-0.075
8.020,-0.225,-0.070
8.022,-0.160,-0.060
8.024,-0.145,-0.040
8.026,-0.085,0.000
8.028,-0.045,0.045
8.030,-0.010,0.105
8.032,-0.015,0.170
8.034,0.015,0.235
8.036,0.070,0.290
8.038,0.160,0.340
8.040,0.270,0.365
8.042,0.300,0.370
8.044,0.325,0.350
8.046,0.220,0.300
8.048,0.060,0.230
8.050,-0.085,0.145
8.052,-0.185,0.055
8.054,-0.275,-0.040
8.056,-0.370,-0.125
8.058,-0.425,-0.200
8.060,-0.475,-0.250
8.062,-0.410,-0.280
8.064,-0.355,-0.285
8.066,-0.320,-0.280
8.068,-0.315,-0.255
8.070,-0.355,-0.230
8.072,-0.405,-0.200
8.074,-0.385,-0.175
8.076,-0.385,-0.155
8.078,-0.345,-0.140
8.080,-0.310,-0.130
8.082,-0.245,-0.120
8.084,-0.200,-0.115
8.086,-0.195,-0.105
8.088,-0.155,-0.095
8.090,-0.195,-0.085
8.092,-0.300,-0.070
8.094,-0.295,-0.060
8.096,-0.320,-0.050
8.098,-0.265,-0.040
8.100,-0.190,-0.040
8.102,-0.130,-0.035
8.104,-0.090,-0.035
8.106,-0.090,-0.030
8.108,-0.160,-0.025
8.110,-0.185,-0.020
8.112,-0.215,-0.015
8.114,-0.260,-0.005
8.116,-0.275,0.000
8.118,-0.255,0.005
8.120,-0.125,0.005
8.122,-0.145,0.005
8.124,-0.105,0.000
8.126,-0.120,-0.010
8.128,-0.115,-0.020
8.130,-0.120,-0.025
8.132,-0.260,-0.035
8.134,-0.290,-0.040
8.136,-0.260,-0.040
8.138,-0.240,-0.040
8.140,-0.185,-0.035
8.142,-0.120,-0.025
8.144,-0.110,-0.015
8.146,-0.110,-0.005
8.148,-0.120,0.005
8.150,-0.175,0.015
8.152,-0.180,0.020
8.154,-0.165,0.025
8.156,-0.220,0.025
8.158,-0.190,0.020
8.160,-0.120,0.010
8.162,-0.145,0.005
8.164,-0.105,-0.005
8.166,-0.120,-0.010
8.168,-0.125,-0.015
8.170,-0.220,-0.015
8.172,-0.230,-0.015
8.174,-0.205,-0.005
8.176,-0.260,0.000
8.178,-0.255,0.010
8.180,-0.115,0.020
8.182,-0.090,0.030
8.184,-0.090,0.035
8.186,-0.070,0.035
8.188,-0.055,0.030
8.190,-0.175,0.025
8.192,-0.210,0.020
8.194,-0.180,0.015
8.196,-0.215,0.010
8.198,-0.190,0.010
8.200,-0.145,0.015
8.202,-0.130,0.020
8.204,-0.070,0.030
8.206,-0.055,0.040
8.208,-0.115,0.050
8.210,-0.160,0.055
8.212,-0.140,0.060
8.214,-0.140,0.060
8.216,-0.170,0.060
8.218,-0.170,0.055
8.220,-0.120,0.055
8.222,-0.055,0.055
8.224,-0.030,0.060
8.226,-0.045,0.065
8.228,-0.060,0.080
8.230,-0.110,0.090
8.232,-0.160,0.110
8.234,-0.110,0.125
8.236,-0.035,0.135
8.238,-0.025,0.145
8.240,-0.030,0.150
8.242,-0.025,0.150
8.244,0.025,0.150
8.246,-0.015,0.145
8.248,-0.040,0.140
8.250,-0.075,0.140
8.252,-0.110,0.135
8.254,-0.100,0.135
8.256,-0.090,0.135
8.258,-0.050,0.135
8.260,0.020,0.140
8.262,0.055,0.150
8.264,0.065,0.155
8.266,0.060,0.165
8.268,0.010,0.180
8.270,-0.020,0.190
8.272,-0.040,0.195
8.274,-0.045,0.205
8.276,-0.045,0.205
8.278,0.030,0.205
8.280,0.100,0.205
8.282,0.060,0.195
8.284,0.080,0.190
8.286,0.085,0.185
8.288,0.070,0.180
8.290,-0.045,0.180
8.292,-0.090,0.180
8.294,-0.080,0.180
8.296,-0.080,0.185
8.298,-0.010,0.185
8.300,0.035,0.180
8.302,0.105,0.175
8.304,0.060,0.165
8.306,-0.035,0.155
8.308,-0.040,0.145
8.310,-0.065,0.130
8.312,-0.135,0.120
8.314,-0.125,0.110
8.316,-0.130,0.095
8.318,-0.095,0.085
8.320,-0.050,0.075
8.322,-0.090,0.070
8.324,-0.100,0.060
8.326,-0.095,0.050
8.328,-0.140,0.040
8.330,-0.175,0.035
8.332,-0.180,0.030
8.334,-0.240,0.025
8.336,-0.225,0.025
8.338,-0.165,0.020
8.340,-0.155,0.015
8.342,-0.110,0.010
8.344,-0.150,0.000
8.346,-0.175,-0.010
8.348,-0.210,-0.020
8.350,-0.255,-0.030
8.352,-0.305,-0.035
8.354,-0.290,-0.040
8.356,-0.235,-0.035
8.358,-0.250,-0.030
8.360,-0.155,-0.020
8.362,-0.135,-0.005
8.364,-0.130,0.005
8.366,-0.110,0.005
8.368,-0.155,0.005
8.370,-0.250,0.000
8.372,-0.275,-0.015
8.374,-0.340,-0.035
8.376,-0.320,-0.050
8.378,-0.265,-0.065
8.380,-0.200,-0.075
8.382,-0.155,-0.075
8.384,-0.140,-0.065
8.386,-0.155,-0.055
8.388,-0.215,-0.035
8.390,-0.305,-0.020
8.392,-0.320,-0.005
8.394,-0.270,0.000
8.396,-0.265,0.000
8.398,-0.215,-0.010
8.400,-0.130,-0.020
8.402,-0.150,-0.035
8.404,-0.195,-0.050
8.406,-0.195,-0.060
8.408,-0.230,-0.065
8.410,-0.275,-0.065
8.412,-0.355,-0.060
8.414,-0.320,-0.050
8.416,-0.320,-0.040
8.418,-0.220,-0.035
8.420,-0.210,-0.030
8.422,-0.185,-0.025
8.424,-0.135,-0.025
8.426,-0.160,-0.020
8.428,-0.165,-0.020
8.430,-0.260,-0.015
8.432,-0.300,-0.015
8.434,-0.265,-0.010
8.436,-0.285,-0.010
8.438,-0.185,-0.010
8.440,-0.115,-0.015
8.442,-0.170,-0.025
8.444,-0.155,-0.030
8.446,-0.220,-0.040
8.448,-0.270,-0.045
8.450,-0.320,-0.050
8.452,-0.295,-0.045
8.454,-0.315,-0.040
8.456,-0.260,-0.030
8.458,-0.200,-0.025
8.460,-0.155,-0.015
8.462,-0.120,-0.015
8.464,-0.165,-0.015
8.466,-0.190,-0.015
8.468,-0.245,-0.020
8.470,-0.280,-0.025
8.472,-0.305,-0.025
8.474,-0.300,-0.025
8.476,-0.285,-0.020
8.478,-0.185,-0.015
8.480,-0.145,-0.010
8.482,-0.125,-0.005
8.484,-0.195,-0.005
8.486,-0.185,-0.005
8.488,-0.235,-0.005
8.490,-0.265,-0.005
8.492,-0.290,-0.005
8.494,-0.275,-0.005
8.496,-0.180,-0.005
8.498,-0.170,0.000
8.500,-0.155,0.010
8.502,-0.135,0.010
8.504,-0.145,0.015
8.506,-0.175,0.010
8.508,-0.245,0.005
8.510,-0.265,0.000
8.512,-0.270,-0.010
8.514,-0.310,-0.020
8.516,-0.260,-0.030
8.518,-0.195,-0.035
8.520,-0.195,-0.040
8.522,-0.175,-0.040
8.524,-0.200,-0.035
8.526,-0.200,-0.030
8.528,-0.260,-0.025
8.530,-0.295,-0.020
8.532,-0.265,-0.015
8.534,-0.315,-0.010
8.536,-0.215,-0.005
8.538,-0.190,-0.005
8.540,-0.180,-0.005
8.542,-0.140,-0.005
8.544,-0.145,-0.010
8.546,-0.190,-0.015
8.548,-0.280,-0.015
8.550,-0.335,-0.020
8.552,-0.315,-0.025
8.554,-0.285,-0.025
8.556,-0.250,-0.025
8.558,-0.185,-0.025
8.560,-0.145,-0.020
8.562,-0.175,-0.020
8.564,-0.145,-0.015
8.566,-0.165,-0.010
8.568,-0.250,-0.010
8.570,-0.345,-0.005
8.572,-0.325,-0.005
8.574,-0.310,-0.005
8.576,-0.265,-0.010
8.578,-0.185,-0.010
8.580,-0.150,-0.015
8.582,-0.135,-0.015
8.584,-0.185,-0.020
8.586,-0.205,-0.020
8.588,-0.305,-0.020
8.590,-0.350,-0.025
8.592,-0.305,-0.025
8.594,-0.320,-0.030
8.596,-0.310,-0.035
8.598,-0.205,-0.040
8.600,-0.170,-0.040
8.602,-0.185,-0.045
8.604,-0.230,-0.050
8.606,-0.260,-0.050
8.608,-0.305,-0.050
8.610,-0.335,-0.045
8.612,-0.330,-0.045
8.614,-0.300,-0.045
8.616,-0.275,-0.040
8.618,-0.195,-0.040
8.620,-0.185,-0.040
8.622,-0.185,-0.035
8.624,-0.175,-0.035
8.626,-0.285,-0.035
8.628,-0.300,-0.030
8.630,-0.285,-0.030
8.632,-0.315,-0.025
8.634,-0.285,-0.025
8.636,-0.255,-0.025
8.638,-0.190,-0.025
8.640,-0.200,-0.025
8.642,-0.180,-0.030
8.644,-0.220,-0.030
8.646,-0.235,-0.035
8.648,-0.315,-0.035
8.650,-0.345,-0.030
8.652,-0.325,-0.030
8.654,-0.315,-0.025
8.656,-0.230,-0.025
8.658,-0.200,-0.025
8.660,-0.160,-0.025
8.662,-0.195,-0.025
8.664,-0.230,-0.030
8.666,-0.245,-0.035
8.668,-0.310,-0.040
8.670,-0.380,-0.045
8.672,-0.410,-0.045
8.674,-0.310,-0.050
8.676,-0.285,-0.050
8.678,-0.200,-0.050
8.680,-0.170,-0.050
8.682,-0.220,-0.050
8.684,-0.255,-0.050
8.686,-0.310,-0.050
8.688,-0.315,-0.050
8.690,-0.330,-0.050
8.692,-0.335,-0.045
8.694,-0.330,-0.045
8.696,-0.310,-0.040
8.698,-0.240,-0.040
8.700,-0.210,-0.045
8.702,-0.205,-0.045
8.704,-0.260,-0.050
8.706,-0.310,-0.055
8.708,-0.340,-0.060
8.710,-0.365,-0.060
8.712,-0.350,-0.060
8.714,-0.335,-0.055
8.716,-0.250,-0.045
8.718,-0.230,-0.035
8.720,-0.170,-0.025
8.722,-0.185,-0.015
8.724,-0.205,-0.010
8.726,-0.250,-0.005
8.728,-0.310,-0.005
8.730,-0.345,-0.005
8.732,-0.345,-0.010
8.734,-0.320,-0.020
8.736,-0.245,-0.025
8.738,-0.195,-0.025
8.740,-0.200,-0.030
8.742,-0.175,-0.030
8.744,-0.230,-0.030
8.746,-0.270,-0.025
8.748,-0.290,-0.025
8.750,-0.305,-0.020
8.752,-0.310,-0.020
8.754,-0.280,-0.015
8.756,-0.230,-0.015
8.758,-0.220,-0.015
8.760,-0.210,-0.015
8.762,-0.195,-0.015
8.764,-0.220,-0.015
8.766,-0.285,-0.015
8.768,-0.325,-0.020
8.770,-0.340,-0.020
8.772,-0.325,-0.020
8.774,-0.265,-0.020
8.776,-0.205,-0.015
8.778,-0.175,-0.010
8.780,-0.165,-0.005
8.782,-0.190,0.000
8.784,-0.245,0.005
8.786,-0.270,0.010
8.788,-0.310,0.010
8.790,-0.275,0.010
8.792,-0.320,0.005
8.794,-0.270,0.000
8.796,-0.210,-0.005
8.798,-0.175,-0.005
8.800,-0.165,-0.010
8.802,-0.195,-0.010
8.804,-0.210,-0.010
8.806,-0.280,-0.010
8.808,-0.315,-0.010
8.810,-0.365,-0.010
8.812,-0.355,-0.015
8.814,-0.320,-0.020
8.816,-0.215,-0.030
8.818,-0.210,-0.040
8.820,-0.240,-0.050
8.822,-0.230,-0.060
8.824,-0.255,-0.065
8.826,-0.355,-0.065
8.828,-0.355,-0.060
8.830,-0.340,-0.050
8.832,-0.325,-0.040
8.834,-0.295,-0.030
8.836,-0.230,-0.015
8.838,-0.230,-0.010
8.840,-0.180,-0.005
8.842,-0.190,-0.005
8.844,-0.170,-0.010
8.846,-0.230,-0.015
8.848,-0.355,-0.020
8.850,-0.390,-0.025
8.852,-0.410,-0.030
8.854,-0.320,-0.030
8.856,-0.230,-0.035
8.858,-0.205,-0.040
8.860,-0.225,-0.040
8.862,-0.240,-0.045
8.864,-0.285,-0.045
8.866,-0.330,-0.050
8.868,-0.375,-0.055
8.870,-0.385,-0.060
8.872,-0.345,-0.060
8.874,-0.335,-0.060
8.876,-0.270,-0.060
8.878,-0.240,-0.060
8.880,-0.250,-0.060
8.882,-0.250,-0.060
8.884,-0.310,-0.060
8.886,-0.390,-0.065
8.888,-0.415,-0.070
8.890,-0.390,-0.065
8.892,-0.305,-0.060
8.894,-0.235,-0.040
8.896,-0.175,-0.005
8.898,-0.170,0.040
8.900,-0.140,0.095
8.902,-0.025,0.160
8.904,-0.010,0.225
8.906,-0.060,0.285
8.908,0.065,0.335
8.910,0.095,0.360
8.912,0.100,0.365
8.914,0.130,0.345
8.916,0.090,0.300
8.918,-0.010,0.235
8.920,-0.095,0.160
8.922,-0.130,0.075
8.924,-0.270,-0.010
8.926,-0.420,-0.090
8.928,-0.525,-0.150
8.930,-0.595,-0.200
8.932,-0.570,-0.230
8.934,-0.530,-0.245
8.936,-0.410,-0.245
8.938,-0.405,-0.230
8.940,-0.365,-0.210
8.942,-0.395,-0.185
8.944,-0.410,-0.155
8.946,-0.455,-0.135
8.948,-0.430,-0.110
8.950,-0.445,-0.095
8.952,-0.365,-0.085
8.954,-0.310,-0.075
8.956,-0.275,-0.070
8.958,-0.250,-0.065
8.960,-0.245,-0.060
8.962,-0.225,-0.050
8.964,-0.260,-0.040
8.966,-0.330,-0.025
8.968,-0.355,-0.015
8.970,-0.330,-0.005
8.972,-0.315,0.000
8.974,-0.285,0.000
8.976,-0.230,0.000
8.978,-0.200,0.000
8.980,-0.180,-0.005
8.982,-0.235,-0.010
8.984,-0.275,-0.015
8.986,-0.305,-0.015
8.988,-0.350,-0.010
8.990,-0.335,-0.005
8.992,-0.325,-0.005
8.994,-0.320,0.000
8.996,-0.215,0.000
8.998,-0.160,0.000
9.000,-0.175,-0.005
9.002,-0.225,-0.005
9.004,-0.320,-0.010
9.006,-0.320,-0.010
9.008,-0.325,-0.010
9.010,-0.365,-0.005
9.012,-0.350,-0.005
9.014,-0.225,-0.005
9.016,-0.175,0.000
9.018,-0.195,0.000
9.020,-0.255,0.000
9.022,-0.230,0.000
9.024,-0.250,0.000
9.026,-0.285,0.005
9.028,-0.320,0.010
9.030,-0.305,0.015
9.032,-0.235,0.020
9.034,-0.265,0.020
9.036,-0.220,0.020
9.038,-0.175,0.020
9.040,-0.205,0.010
9.042,-0.230,0.005
9.044,-0.270,-0.005
9.046,-0.335,-0.010
9.048,-0.355,-0.010
9.050,-0.330,-0.005
9.052,-0.260,0.005
9.054,-0.210,0.015
9.056,-0.140,0.025
9.058,-0.150,0.035
9.060,-0.230,0.040
9.062,-0.215,0.040
9.064,-0.255,0.035
9.066,-0.325,0.030
9.068,-0.335,0.025
9.070,-0.265,0.020
9.072,-0.295,0.020
9.074,-0.220,0.025
9.076,-0.155,0.030
9.078,-0.150,0.035
9.080,-0.205,0.040
9.082,-0.185,0.045
9.084,-0.260,0.045
9.086,-0.330,0.045
9.088,-0.320,0.045
9.090,-0.315,0.045
9.092,-0.275,0.045
9.094,-0.170,0.055
9.096,-0.095,0.065
9.098,-0.120,0.080
9.100,-0.120,0.100
9.102,-0.080,0.120
9.104,-0.160,0.135
9.106,-0.225,0.145
9.108,-0.240,0.150
9.110,-0.200,0.150
9.112,-0.125,0.145
9.114,-0.090,0.145
9.116,-0.055,0.140
9.118,-0.040,0.135
9.120,-0.080,0.135
9.122,-0.110,0.140
9.124,-0.250,0.140
9.126,-0.170,0.140
9.128,-0.205,0.145
9.130,-0.230,0.150
9.132,-0.135,0.150
9.134,-0.125,0.155
9.136,-0.035,0.165
9.138,-0.040,0.170
9.140,0.030,0.180
9.142,-0.050,0.190
9.144,-0.120,0.190
9.146,-0.145,0.190
9.148,-0.150,0.185
9.150,-0.210,0.175
9.152,-0.135,0.160
9.154,-0.110,0.150
9.156,-0.050,0.140
9.158,-0.035,0.140
9.160,-0.045,0.145
9.162,-0.085,0.155
9.164,-0.135,0.170
9.166,-0.135,0.185
9.168,-0.160,0.195
9.170,-0.165,0.200
9.172,-0.125,0.195
9.174,-0.100,0.185
9.176,-0.080,0.165
9.178,-0.070,0.145
9.180,-0.100,0.120
9.182,-0.200,0.105
9.184,-0.240,0.090
9.186,-0.285,0.080
9.188,-0.295,0.075
9.190,-0.260,0.075
9.192,-0.165,0.075
9.194,-0.120,0.070
9.196,-0.140,0.060
9.198,-0.245,0.045
9.200,-0.240,0.025
9.202,-0.310,0.005
9.204,-0.370,-0.010
9.206,-0.370,-0.025
9.208,-0.385,-0.035
9.210,-0.325,-0.035
9.212,-0.335,-0.025
9.214,-0.220,-0.015
9.216,-0.210,0.000
9.218,-0.205,0.015
9.220,-0.245,0.025
9.222,-0.275,0.025
9.224,-0.320,0.020
9.226,-0.335,0.010
9.228,-0.330,-0.005
9.230,-0.375,-0.020
9.232,-0.345,-0.040
9.234,-0.305,-0.050
9.236,-0.270,-0.060
9.238,-0.275,-0.060
9.240,-0.295,-0.060
9.242,-0.310,-0.050
9.244,-0.380,-0.045
9.246,-0.370,-0.035
9.248,-0.415,-0.030
9.250,-0.380,-0.025
9.252,-0.310,-0.025
9.254,-0.270,-0.025
9.256,-0.210,-0.025
9.258,-0.235,-0.025
9.260,-0.285,-0.020
9.262,-0.310,-0.020
9.264,-0.405,-0.015
9.266,-0.380,-0.010
9.268,-0.355,-0.010
9.270,-0.275,-0.010
9.272,-0.245,-0.015
9.274,-0.290,-0.020
9.276,-0.300,-0.030
9.278,-0.295,-0.040
9.280,-0.300,-0.045
9.282,-0.315,-0.050
9.284,-0.400,-0.055
9.286,-0.430,-0.055
9.288,-0.400,-0.050
9.290,-0.350,-0.050
9.292,-0.300,-0.045
9.294,-0.255,-0.045
9.296,-0.235,-0.045
9.298,-0.235,-0.045
9.300,-0.320,-0.045
9.302,-0.365,-0.045
9.304,-0.390,-0.040
9.306,-0.440,-0.035
9.308,-0.400,-0.030
9.310,-0.360,-0.020
9.312,-0.245,-0.005
9.314,-0.250,0.000
9.316,-0.160,0.010
9.318,-0.215,0.010
9.320,-0.265,0.005
9.322,-0.375,-0.005
9.324,-0.395,-0.020
9.326,-0.440,-0.035
9.328,-0.440,-0.055
9.330,-0.390,-0.065
9.332,-0.285,-0.070
9.334,-0.285,-0.070
9.336,-0.250,-0.060
9.338,-0.315,-0.045
9.340,-0.315,-0.025
9.342,-0.315,-0.005
9.344,-0.315,0.010
9.346,-0.345,0.025
9.348,-0.355,0.030
9.350,-0.330,0.030
9.352,-0.290,0.020
9.354,-0.260,0.010
9.356,-0.220,0.000
9.358,-0.240,-0.015
9.360,-0.290,-0.020
9.362,-0.335,-0.025
9.364,-0.390,-0.025
9.366,-0.365,-0.020
9.368,-0.380,-0.015
9.370,-0.345,-0.010
9.372,-0.280,-0.005
9.374,-0.255,0.000
9.376,-0.235,0.000
9.378,-0.260,-0.005
9.380,-0.280,-0.005
9.382,-0.350,-0.005
9.384,-0.360,0.000
9.386,-0.330,0.000
9.388,-0.340,0.005
9.390,-0.315,0.005
9.392,-0.280,0.005
9.394,-0.230,0.000
9.396,-0.255,-0.005
9.398,-0.280,-0.010
9.400,-0.300,-0.020
9.402,-0.380,-0.025
9.404,-0.365,-0.025
9.406,-0.365,-0.025
9.408,-0.355,-0.025
9.410,-0.375,-0.015
9.412,-0.305,-0.010
9.414,-0.230,-0.005
9.416,-0.245,-0.005
9.418,-0.265,-0.005
9.420,-0.270,-0.010
9.422,-0.385,-0.020
9.424,-0.400,-0.025
9.426,-0.385,-0.030
9.428,-0.375,-0.030
9.430,-0.325,-0.025
9.432,-0.260,-0.020
9.434,-0.255,-0.010
9.436,-0.235,-0.005
9.438,-0.240,0.000
9.440,-0.295,0.005
9.442,-0.360,0.000
9.444,-0.410,-0.010
9.446,-0.455,-0.025
9.448,-0.440,-0.035
9.450,-0.400,-0.050
9.452,-0.280,-0.060
9.454,-0.285,-0.070
9.456,-0.330,-0.070
9.458,-0.310,-0.065
9.460,-0.335,-0.055
9.462,-0.350,-0.045
9.464,-0.400,-0.030
9.466,-0.400,-0.020
9.468,-0.395,-0.015
9.470,-0.345,-0.010
9.472,-0.270,-0.015
9.474,-0.260,-0.020
9.476,-0.230,-0.025
9.478,-0.280,-0.030
9.480,-0.305,-0.035
9.482,-0.405,-0.040
9.484,-0.470,-0.040
9.486,-0.415,-0.040
9.488,-0.405,-0.035
9.490,-0.340,-0.035
9.492,-0.315,-0.035
9.494,-0.285,-0.035
9.496,-0.295,-0.035
9.498,-0.330,-0.035
9.500,-0.320,-0.035
9.502,-0.385,-0.040
9.504,-0.430,-0.040
9.506,-0.410,-0.040
9.508,-0.395,-0.040
9.510,-0.380,-0.040
9.512,-0.325,-0.040
9.514,-0.300,-0.045
9.516,-0.275,-0.045
9.518,-0.320,-0.050
9.520,-0.305,-0.055
9.522,-0.410,-0.055
9.524,-0.435,-0.055
9.526,-0.455,-0.055
9.528,-0.425,-0.055
9.530,-0.360,-0.050
9.532,-0.290,-0.050
9.534,-0.285,-0.045
9.536,-0.290,-0.045
9.538,-0.295,-0.045
9.540,-0.315,-0.045
9.542,-0.420,-0.045
9.544,-0.440,-0.045
9.546,-0.450,-0.050
9.548,-0.410,-0.050
9.550,-0.320,-0.050
9.552,-0.325,-0.055
9.554,-0.275,-0.060
9.556,-0.310,-0.060
9.558,-0.340,-0.065
9.560,-0.365,-0.070
9.562,-0.465,-0.070
9.564,-0.440,-0.070
9.566,-0.420,-0.065
9.568,-0.365,-0.055
9.570,-0.370,-0.050
9.572,-0.305,-0.035
9.574,-0.265,-0.025
9.576,-0.280,-0.020
9.578,-0.270,-0.015
9.580,-0.310,-0.020
9.582,-0.370,-0.030
9.584,-0.400,-0.040
9.586,-0.520,-0.055
9.588,-0.495,-0.070
9.590,-0.375,-0.080
9.592,-0.325,-0.090
9.594,-0.265,-0.090
9.596,-0.330,-0.085
9.598,-0.380,-0.075
9.600,-0.400,-0.060
9.602,-0.465,-0.050
9.604,-0.395,-0.035
9.606,-0.450,-0.025
9.608,-0.345,-0.020
9.610,-0.285,-0.015
9.612,-0.280,-0.020
9.614,-0.305,-0.030
9.616,-0.330,-0.040
9.618,-0.345,-0.050
9.620,-0.400,-0.060
9.622,-0.435,-0.070
9.624,-0.430,-0.070
9.626,-0.410,-0.070
9.628,-0.365,-0.060
9.630,-0.325,-0.050
9.632,-0.255,-0.040
9.634,-0.275,-0.025
9.636,-0.315,-0.015
9.638,-0.280,-0.005
9.640,-0.355,0.000
9.642,-0.410,0.005
9.644,-0.400,0.005
9.646,-0.370,0.000
9.648,-0.355,-0.005
9.650,-0.310,-0.015
9.652,-0.290,-0.020
9.654,-0.240,-0.020
9.656,-0.290,-0.020
9.658,-0.325,-0.015
9.660,-0.370,-0.005
9.662,-0.410,0.000
9.664,-0.350,0.000
9.666,-0.385,0.000
9.668,-0.365,-0.005
9.670,-0.285,-0.015
9.672,-0.270,-0.030
9.674,-0.295,-0.045
9.676,-0.355,-0.060
9.678,-0.425,-0.075
9.680,-0.470,-0.080
9.682,-0.490,-0.080
9.684,-0.480,-0.075
9.686,-0.460,-0.065
9.688,-0.350,-0.050
9.690,-0.265,-0.040
9.692,-0.220,-0.025
9.694,-0.250,-0.015
9.696,-0.270,-0.010
9.698,-0.315,-0.010
9.700,-0.395,-0.010
9.702,-0.420,-0.015
9.704,-0.440,-0.020
9.706,-0.415,-0.025
9.708,-0.400,-0.025
9.710,-0.300,-0.025
9.712,-0.225,-0.020
9.714,-0.180,-0.015
9.716,-0.275,-0.015
9.718,-0.315,-0.010
9.720,-0.360,-0.010
9.722,-0.385,-0.010
9.724,-0.385,-0.010
9.726,-0.380,-0.015
9.728,-0.410,-0.020
9.730,-0.345,-0.020
9.732,-0.250,-0.025
9.734,-0.265,-0.025
9.736,-0.295,-0.025
9.738,-0.295,-0.030
9.740,-0.385,-0.035
9.742,-0.465,-0.045
9.744,-0.490,-0.055
9.746,-0.405,-0.065
9.748,-0.420,-0.070
9.750,-0.360,-0.075
9.752,-0.335,-0.080
9.754,-0.305,-0.075
9.756,-0.280,-0.075
9.758,-0.395,-0.070
9.760,-0.425,-0.065
9.762,-0.440,-0.065
9.764,-0.515,-0.070
9.766,-0.430,-0.075
9.768,-0.420,-0.080
9.770,-0.385,-0.075
9.772,-0.335,-0.055
9.774,-0.280,-0.020
9.776,-0.215,0.035
9.778,-0.155,0.105
9.780,-0.165,0.180
9.782,-0.095,0.260
9.784,-0.040,0.330
9.786,0.075,0.375
9.788,0.140,0.395
9.790,0.190,0.390
9.792,0.075,0.350
9.794,-0.060,0.285
9.796,-0.165,0.205
9.798,-0.215,0.115
9.800,-0.305,0.030
9.802,-0.405,-0.055
9.804,-0.515,-0.120
9.806,-0.645,-0.180
9.808,-0.625,-0.220
9.810,-0.540,-0.245
9.812,-0.475,-0.260
9.814,-0.530,-0.265
9.816,-0.485,-0.260
9.818,-0.510,-0.245
9.820,-0.615,-0.220
9.822,-0.595,-0.195
9.824,-0.555,-0.165
9.826,-0.530,-0.140
9.828,-0.400,-0.115
9.830,-0.365,-0.100
9.832,-0.350,-0.090
9.834,-0.355,-0.085
9.836,-0.370,-0.085
9.838,-0.395,-0.085
9.840,-0.455,-0.085
9.842,-0.445,-0.075
9.844,-0.480,-0.065
9.846,-0.405,-0.050
9.848,-0.345,-0.035
9.850,-0.305,-0.020
9.852,-0.260,-0.010
9.854,-0.265,-0.005
9.856,-0.275,-0.005
9.858,-0.350,-0.010
9.860,-0.390,-0.020
9.862,-0.395,-0.030
9.864,-0.365,-0.035
9.866,-0.445,-0.040
9.868,-0.380,-0.035
9.870,-0.275,-0.030
9.872,-0.235,-0.015
9.874,-0.230,-0.005
9.876,-0.280,0.005
9.878,-0.345,0.015
9.880,-0.400,0.020
9.882,-0.380,0.025
9.884,-0.390,0.025
9.886,-0.345,0.020
9.888,-0.285,0.015
9.890,-0.250,0.010
9.892,-0.225,0.005
9.894,-0.255,0.005
9.896,-0.290,0.000
9.898,-0.335,0.000
9.900,-0.345,0.000
9.902,-0.385,0.005
9.904,-0.365,0.010
9.906,-0.380,0.015
9.908,-0.300,0.015
9.910,-0.280,0.020
9.912,-0.230,0.025
9.914,-0.225,0.030
9.916,-0.255,0.030
9.918,-0.310,0.030
9.920,-0.395,0.030
9.922,-0.395,0.025
9.924,-0.360,0.025
9.926,-0.315,0.025
9.928,-0.250,0.025
9.930,-0.255,0.025
9.932,-0.205,0.025
9.934,-0.210,0.025
9.936,-0.225,0.030
9.938,-0.350,0.030
9.940,-0.350,0.035
9.942,-0.385,0.035
9.944,-0.385,0.040
9.946,-0.370,0.040
9.948,-0.250,0.045
9.950,-0.180,0.050
9.952,-0.185,0.055
9.954,-0.215,0.055
9.956,-0.205,0.060
9.958,-0.290,0.065
9.960,-0.300,0.070
9.962,-0.365,0.070
9.964,-0.325,0.070
9.966,-0.270,0.070
9.968,-0.245,0.070
9.970,-0.190,0.070
9.972,-0.140,0.075
9.974,-0.160,0.080
9.976,-0.215,0.085
9.978,-0.265,0.090
9.980,-0.295,0.100
9.982,-0.300,0.105
9.984,-0.275,0.105
9.986,-0.195,0.110
9.988,-0.120,0.110
9.990,-0.170,0.105
9.992,-0.150,0.105
9.994,-0.145,0.105
9.996,-0.185,0.110
9.998,-0.235,0.120
